status,simulated,backend,dataset,tier,image,n_gt,n_predictions,tp50,vru_tp,vru_gt,person_tp,person_gt,cyclist_tp,cyclist_gt
passed,False,onnx,kitti,NANO,005981.png,7,3,1,0,0,0,0,0,0
passed,False,onnx,kitti,NANO,005982.png,10,5,5,0,2,0,0,0,2
passed,False,onnx,kitti,NANO,005983.png,15,9,3,0,0,0,0,0,0
passed,False,onnx,kitti,NANO,005984.png,9,1,0,0,1,0,1,0,0
passed,False,onnx,kitti,NANO,005985.png,4,4,1,1,4,1,2,0,2
passed,False,onnx,kitti,NANO,005986.png,6,4,1,0,0,0,0,0,0
passed,False,onnx,kitti,NANO,005987.png,5,6,3,0,0,0,0,0,0
passed,False,onnx,kitti,NANO,005988.png,17,8,5,5,16,5,16,0,0
passed,False,onnx,kitti,NANO,005989.png,1,0,0,0,0,0,0,0,0
passed,False,onnx,kitti,NANO,005990.png,2,1,1,0,0,0,0,0,0
passed,False,onnx,kitti,NANO,005991.png,5,0,0,0,1,0,1,0,0
passed,False,onnx,kitti,NANO,005992.png,5,2,2,0,0,0,0,0,0
passed,False,onnx,kitti,NANO,005993.png,1,0,0,0,0,0,0,0,0
passed,False,onnx,kitti,NANO,005994.png,4,3,3,2,3,2,3,0,0
passed,False,onnx,kitti,NANO,005995.png,1,1,1,0,0,0,0,0,0
passed,False,onnx,kitti,NANO,005996.png,10,10,8,0,0,0,0,0,0
passed,False,onnx,kitti,NANO,005997.png,5,0,0,0,2,0,0,0,2
passed,False,onnx,kitti,NANO,005998.png,5,2,2,0,0,0,0,0,0
passed,False,onnx,kitti,NANO,005999.png,7,5,4,0,0,0,0,0,0
passed,False,onnx,kitti,NANO,006000.png,5,3,2,0,0,0,0,0,0
passed,False,onnx,kitti,NANO,006001.png,3,0,0,0,0,0,0,0,0
passed,False,onnx,kitti,NANO,006002.png,5,4,3,0,0,0,0,0,0
passed,False,onnx,kitti,NANO,006003.png,9,3,3,0,0,0,0,0,0
passed,False,onnx,kitti,NANO,006004.png,5,2,2,0,0,0,0,0,0
passed,False,onnx,kitti,NANO,006005.png,9,9,4,0,0,0,0,0,0
passed,False,onnx,kitti,NANO,006006.png,10,2,0,0,10,0,7,0,3
passed,False,onnx,kitti,NANO,006007.png,15,9,6,0,0,0,0,0,0
passed,False,onnx,kitti,NANO,006008.png,8,4,4,0,0,0,0,0,0
passed,False,onnx,kitti,NANO,006009.png,4,3,3,0,0,0,0,0,0
passed,False,onnx,kitti,NANO,006010.png,2,2,1,0,1,0,0,0,1
passed,False,onnx,kitti,NANO,006011.png,12,11,8,0,3,0,3,0,0
passed,False,onnx,kitti,NANO,006012.png,2,0,0,0,0,0,0,0,0
passed,False,onnx,kitti,NANO,006013.png,3,3,3,0,0,0,0,0,0
passed,False,onnx,kitti,NANO,006014.png,4,4,3,0,0,0,0,0,0
passed,False,onnx,kitti,NANO,006015.png,5,4,1,0,0,0,0,0,0
passed,False,onnx,kitti,NANO,006016.png,9,7,4,0,1,0,0,0,1
passed,False,onnx,kitti,NANO,006017.png,2,0,0,0,0,0,0,0,0
passed,False,onnx,kitti,NANO,006018.png,7,6,4,0,0,0,0,0,0
passed,False,onnx,kitti,NANO,006019.png,3,1,1,0,1,0,0,0,1
passed,False,onnx,kitti,NANO,006020.png,2,1,1,0,0,0,0,0,0
passed,False,onnx,kitti,NANO,006021.png,4,2,2,0,1,0,0,0,1
passed,False,onnx,kitti,NANO,006022.png,3,3,1,0,0,0,0,0,0
passed,False,onnx,kitti,NANO,006023.png,3,2,0,0,1,0,0,0,1
passed,False,onnx,kitti,NANO,006024.png,5,3,2,1,3,1,2,0,1
passed,False,onnx,kitti,NANO,006025.png,5,5,4,0,0,0,0,0,0
passed,False,onnx,kitti,NANO,006026.png,8,4,4,0,2,0,0,0,2
passed,False,onnx,kitti,NANO,006027.png,8,7,5,0,2,0,0,0,2
passed,False,onnx,kitti,NANO,006028.png,1,2,0,0,0,0,0,0,0
passed,False,onnx,kitti,NANO,006029.png,1,1,1,1,1,1,1,0,0
passed,False,onnx,kitti,NANO,006030.png,4,0,0,0,0,0,0,0,0
passed,False,onnx,kitti,NANO,006031.png,5,3,2,0,0,0,0,0,0
passed,False,onnx,kitti,NANO,006032.png,3,2,2,0,0,0,0,0,0
passed,False,onnx,kitti,NANO,006033.png,6,3,3,0,0,0,0,0,0
passed,False,onnx,kitti,NANO,006034.png,16,13,9,0,1,0,0,0,1
passed,False,onnx,kitti,NANO,006035.png,1,1,1,1,1,1,1,0,0
passed,False,onnx,kitti,NANO,006036.png,5,5,3,0,0,0,0,0,0
passed,False,onnx,kitti,NANO,006037.png,5,3,1,0,0,0,0,0,0
passed,False,onnx,kitti,NANO,006038.png,2,0,0,0,0,0,0,0,0
passed,False,onnx,kitti,NANO,006039.png,8,4,4,0,1,0,0,0,1
passed,False,onnx,kitti,NANO,006040.png,5,6,5,0,0,0,0,0,0
passed,False,onnx,kitti,NANO,006041.png,6,7,3,0,0,0,0,0,0
passed,False,onnx,kitti,NANO,006042.png,4,1,1,0,0,0,0,0,0
passed,False,onnx,kitti,NANO,006043.png,3,1,1,0,0,0,0,0,0
passed,False,onnx,kitti,NANO,006044.png,3,3,2,0,0,0,0,0,0
passed,False,onnx,kitti,NANO,006045.png,7,3,2,0,0,0,0,0,0
passed,False,onnx,kitti,NANO,006046.png,5,0,0,0,0,0,0,0,0
passed,False,onnx,kitti,NANO,006047.png,6,3,3,0,0,0,0,0,0
passed,False,onnx,kitti,NANO,006048.png,7,4,3,0,0,0,0,0,0
passed,False,onnx,kitti,NANO,006049.png,2,1,1,0,0,0,0,0,0
passed,False,onnx,kitti,NANO,006050.png,7,7,4,0,0,0,0,0,0
passed,False,onnx,kitti,NANO,006051.png,6,5,2,0,2,0,2,0,0
passed,False,onnx,kitti,NANO,006052.png,7,11,5,0,1,0,1,0,0
passed,False,onnx,kitti,NANO,006053.png,1,1,1,1,1,1,1,0,0
passed,False,onnx,kitti,NANO,006054.png,8,7,6,0,0,0,0,0,0
passed,False,onnx,kitti,NANO,006055.png,13,12,8,0,0,0,0,0,0
passed,False,onnx,kitti,NANO,006056.png,3,3,2,0,0,0,0,0,0
passed,False,onnx,kitti,NANO,006057.png,2,1,1,0,0,0,0,0,0
passed,False,onnx,kitti,NANO,006058.png,3,1,1,0,0,0,0,0,0
passed,False,onnx,kitti,NANO,006059.png,6,2,2,0,0,0,0,0,0
passed,False,onnx,kitti,NANO,006060.png,10,8,3,0,0,0,0,0,0
passed,False,onnx,kitti,NANO,006061.png,2,0,0,0,0,0,0,0,0
passed,False,onnx,kitti,NANO,006062.png,3,3,2,0,1,0,1,0,0
passed,False,onnx,kitti,NANO,006063.png,9,8,3,0,0,0,0,0,0
passed,False,onnx,kitti,NANO,006064.png,15,8,4,0,0,0,0,0,0
passed,False,onnx,kitti,NANO,006065.png,6,2,0,0,2,0,2,0,0
passed,False,onnx,kitti,NANO,006066.png,8,8,5,0,0,0,0,0,0
passed,False,onnx,kitti,NANO,006067.png,7,1,1,0,1,0,1,0,0
passed,False,onnx,kitti,NANO,006068.png,6,5,4,1,1,1,1,0,0
passed,False,onnx,kitti,NANO,006069.png,6,5,0,0,0,0,0,0,0
passed,False,onnx,kitti,NANO,006070.png,8,2,1,1,7,1,4,0,3
passed,False,onnx,kitti,NANO,006071.png,5,4,1,1,4,1,2,0,2
passed,False,onnx,kitti,NANO,006072.png,3,0,0,0,0,0,0,0,0
passed,False,onnx,kitti,NANO,006073.png,7,8,4,0,0,0,0,0,0
passed,False,onnx,kitti,NANO,006074.png,4,2,2,0,0,0,0,0,0
passed,False,onnx,kitti,NANO,006075.png,4,0,0,0,3,0,3,0,0
passed,False,onnx,kitti,NANO,006076.png,2,2,2,1,1,1,1,0,0
passed,False,onnx,kitti,NANO,006077.png,11,11,5,0,0,0,0,0,0
passed,False,onnx,kitti,NANO,006078.png,8,7,5,0,0,0,0,0,0
passed,False,onnx,kitti,NANO,006079.png,3,1,1,0,0,0,0,0,0
passed,False,onnx,kitti,NANO,006080.png,5,1,1,0,0,0,0,0,0
passed,False,onnx,kitti,NANO,006081.png,7,4,3,0,0,0,0,0,0
passed,False,onnx,kitti,NANO,006082.png,11,10,4,0,4,0,4,0,0
passed,False,onnx,kitti,NANO,006083.png,5,4,1,1,4,1,2,0,2
passed,False,onnx,kitti,NANO,006084.png,14,6,6,0,0,0,0,0,0
passed,False,onnx,kitti,NANO,006085.png,2,2,2,0,0,0,0,0,0
passed,False,onnx,kitti,NANO,006086.png,2,3,2,0,0,0,0,0,0
passed,False,onnx,kitti,NANO,006087.png,4,3,3,2,3,2,3,0,0
passed,False,onnx,kitti,NANO,006088.png,8,8,3,3,7,3,6,0,1
passed,False,onnx,kitti,NANO,006089.png,1,1,1,1,1,1,1,0,0
passed,False,onnx,kitti,NANO,006090.png,8,3,2,0,0,0,0,0,0
passed,False,onnx,kitti,NANO,006091.png,1,0,0,0,0,0,0,0,0
passed,False,onnx,kitti,NANO,006092.png,5,2,1,0,1,0,0,0,1
passed,False,onnx,kitti,NANO,006093.png,4,4,3,1,1,1,1,0,0
passed,False,onnx,kitti,NANO,006094.png,3,1,1,0,2,0,1,0,1
passed,False,onnx,kitti,NANO,006095.png,4,2,2,0,1,0,1,0,0
passed,False,onnx,kitti,NANO,006096.png,3,2,2,0,0,0,0,0,0
passed,False,onnx,kitti,NANO,006097.png,7,7,5,0,0,0,0,0,0
passed,False,onnx,kitti,NANO,006098.png,4,2,2,0,0,0,0,0,0
passed,False,onnx,kitti,NANO,006099.png,3,0,0,0,0,0,0,0,0
passed,False,onnx,kitti,NANO,006100.png,3,1,1,0,1,0,0,0,1
passed,False,onnx,kitti,NANO,006101.png,1,0,0,0,0,0,0,0,0
passed,False,onnx,kitti,NANO,006102.png,6,5,4,1,1,1,1,0,0
passed,False,onnx,kitti,NANO,006103.png,5,3,3,0,0,0,0,0,0
passed,False,onnx,kitti,NANO,006104.png,1,0,0,0,0,0,0,0,0
passed,False,onnx,kitti,NANO,006105.png,2,0,0,0,0,0,0,0,0
passed,False,onnx,kitti,NANO,006106.png,9,8,6,0,0,0,0,0,0
passed,False,onnx,kitti,NANO,006107.png,2,1,1,0,0,0,0,0,0
passed,False,onnx,kitti,NANO,006108.png,6,1,0,0,0,0,0,0,0
passed,False,onnx,kitti,NANO,006109.png,6,1,0,0,1,0,1,0,0
passed,False,onnx,kitti,NANO,006110.png,9,14,7,0,0,0,0,0,0
passed,False,onnx,kitti,NANO,006111.png,4,1,1,0,0,0,0,0,0
passed,False,onnx,kitti,NANO,006112.png,2,0,0,0,0,0,0,0,0
passed,False,onnx,kitti,NANO,006113.png,8,6,3,0,0,0,0,0,0
passed,False,onnx,kitti,NANO,006114.png,6,5,2,0,0,0,0,0,0
passed,False,onnx,kitti,NANO,006115.png,3,3,1,0,0,0,0,0,0
passed,False,onnx,kitti,NANO,006116.png,5,2,2,0,0,0,0,0,0
passed,False,onnx,kitti,NANO,006117.png,7,6,4,0,0,0,0,0,0
passed,False,onnx,kitti,NANO,006118.png,4,0,0,0,2,0,2,0,0
passed,False,onnx,kitti,NANO,006119.png,3,2,2,0,0,0,0,0,0
passed,False,onnx,kitti,NANO,006120.png,1,2,1,0,0,0,0,0,0
passed,False,onnx,kitti,NANO,006121.png,16,9,5,5,15,5,15,0,0
passed,False,onnx,kitti,NANO,006122.png,6,3,2,2,6,2,4,0,2
passed,False,onnx,kitti,NANO,006123.png,7,2,1,0,1,0,1,0,0
passed,False,onnx,kitti,NANO,006124.png,2,1,0,0,0,0,0,0,0
passed,False,onnx,kitti,NANO,006125.png,4,3,3,0,0,0,0,0,0
passed,False,onnx,kitti,NANO,006126.png,5,2,2,0,0,0,0,0,0
passed,False,onnx,kitti,NANO,006127.png,13,6,4,0,0,0,0,0,0
passed,False,onnx,kitti,NANO,006128.png,2,1,1,0,0,0,0,0,0
passed,False,onnx,kitti,NANO,006129.png,8,3,3,0,0,0,0,0,0
passed,False,onnx,kitti,NANO,006130.png,9,7,2,2,9,2,8,0,1
passed,False,onnx,kitti,NANO,006131.png,1,0,0,0,0,0,0,0,0
passed,False,onnx,kitti,NANO,006132.png,2,1,1,0,0,0,0,0,0
passed,False,onnx,kitti,NANO,006133.png,3,2,0,0,0,0,0,0,0
passed,False,onnx,kitti,NANO,006134.png,4,1,1,0,0,0,0,0,0
passed,False,onnx,kitti,NANO,006135.png,6,4,3,0,0,0,0,0,0
passed,False,onnx,kitti,NANO,006136.png,6,3,3,0,0,0,0,0,0
passed,False,onnx,kitti,NANO,006137.png,7,4,4,0,0,0,0,0,0
passed,False,onnx,kitti,NANO,006138.png,6,6,4,0,0,0,0,0,0
passed,False,onnx,kitti,NANO,006139.png,19,16,8,8,18,8,18,0,0
passed,False,onnx,kitti,NANO,006140.png,2,0,0,0,0,0,0,0,0
passed,False,onnx,kitti,NANO,006141.png,8,6,4,0,0,0,0,0,0
passed,False,onnx,kitti,NANO,006142.png,1,2,1,0,0,0,0,0,0
passed,False,onnx,kitti,NANO,006143.png,14,12,7,0,0,0,0,0,0
passed,False,onnx,kitti,NANO,006144.png,3,3,1,0,0,0,0,0,0
passed,False,onnx,kitti,NANO,006145.png,12,8,4,0,0,0,0,0,0
passed,False,onnx,kitti,NANO,006146.png,5,3,2,0,0,0,0,0,0
passed,False,onnx,kitti,NANO,006147.png,5,5,4,0,0,0,0,0,0
passed,False,onnx,kitti,NANO,006148.png,5,0,0,0,3,0,2,0,1
passed,False,onnx,kitti,NANO,006149.png,7,4,2,0,0,0,0,0,0
passed,False,onnx,kitti,NANO,006150.png,9,5,3,0,0,0,0,0,0
passed,False,onnx,kitti,NANO,006151.png,1,2,1,1,1,1,1,0,0
passed,False,onnx,kitti,NANO,006152.png,1,2,1,1,1,1,1,0,0
passed,False,onnx,kitti,NANO,006153.png,7,2,2,0,0,0,0,0,0
passed,False,onnx,kitti,NANO,006154.png,6,3,2,0,0,0,0,0,0
passed,False,onnx,kitti,NANO,006155.png,5,5,5,0,0,0,0,0,0
passed,False,onnx,kitti,NANO,006156.png,12,10,5,0,0,0,0,0,0
passed,False,onnx,kitti,NANO,006157.png,16,11,6,0,0,0,0,0,0
passed,False,onnx,kitti,NANO,006158.png,1,2,1,1,1,1,1,0,0
passed,False,onnx,kitti,NANO,006159.png,6,6,3,0,1,0,1,0,0
passed,False,onnx,kitti,NANO,006160.png,6,2,2,0,1,0,0,0,1
passed,False,onnx,kitti,NANO,006161.png,7,9,4,0,0,0,0,0,0
passed,False,onnx,kitti,NANO,006162.png,5,1,1,0,0,0,0,0,0
passed,False,onnx,kitti,NANO,006163.png,17,10,9,0,1,0,0,0,1
passed,False,onnx,kitti,NANO,006164.png,1,1,1,1,1,1,1,0,0
passed,False,onnx,kitti,NANO,006165.png,3,0,0,0,0,0,0,0,0
passed,False,onnx,kitti,NANO,006166.png,7,5,2,0,1,0,1,0,0
passed,False,onnx,kitti,NANO,006167.png,4,2,2,0,0,0,0,0,0
passed,False,onnx,kitti,NANO,006168.png,4,1,0,0,0,0,0,0,0
passed,False,onnx,kitti,NANO,006169.png,8,3,3,0,1,0,0,0,1
passed,False,onnx,kitti,NANO,006170.png,2,0,0,0,0,0,0,0,0
passed,False,onnx,kitti,NANO,006171.png,1,0,0,0,0,0,0,0,0
passed,False,onnx,kitti,NANO,006172.png,9,10,6,0,0,0,0,0,0
passed,False,onnx,kitti,NANO,006173.png,5,1,1,0,0,0,0,0,0
passed,False,onnx,kitti,NANO,006174.png,3,1,0,0,2,0,2,0,0
passed,False,onnx,kitti,NANO,006175.png,5,1,1,0,0,0,0,0,0
passed,False,onnx,kitti,NANO,006176.png,8,3,1,1,7,1,4,0,3
passed,False,onnx,kitti,NANO,006177.png,4,0,0,0,1,0,0,0,1
passed,False,onnx,kitti,NANO,006178.png,2,0,0,0,0,0,0,0,0
passed,False,onnx,kitti,NANO,006179.png,12,8,5,0,2,0,2,0,0
passed,False,onnx,kitti,NANO,006180.png,15,14,7,0,0,0,0,0,0
passed,False,onnx,kitti,NANO,006181.png,3,1,1,0,0,0,0,0,0
passed,False,onnx,kitti,NANO,006182.png,3,2,2,0,0,0,0,0,0
passed,False,onnx,kitti,NANO,006183.png,2,2,2,0,0,0,0,0,0
passed,False,onnx,kitti,NANO,006184.png,3,1,1,0,2,0,1,0,1
passed,False,onnx,kitti,NANO,006185.png,3,2,2,0,1,0,1,0,0
passed,False,onnx,kitti,NANO,006186.png,7,7,4,0,0,0,0,0,0
passed,False,onnx,kitti,NANO,006187.png,10,10,5,0,0,0,0,0,0
passed,False,onnx,kitti,NANO,006188.png,1,0,0,0,0,0,0,0,0
passed,False,onnx,kitti,NANO,006189.png,15,11,6,1,3,1,3,0,0
passed,False,onnx,kitti,NANO,006190.png,4,0,0,0,4,0,2,0,2
passed,False,onnx,kitti,NANO,006191.png,10,4,3,0,0,0,0,0,0
passed,False,onnx,kitti,NANO,006192.png,11,5,4,0,0,0,0,0,0
passed,False,onnx,kitti,NANO,006193.png,1,0,0,0,0,0,0,0,0
passed,False,onnx,kitti,NANO,006194.png,1,1,1,1,1,1,1,0,0
passed,False,onnx,kitti,NANO,006195.png,4,3,3,0,0,0,0,0,0
passed,False,onnx,kitti,NANO,006196.png,4,3,2,0,1,0,0,0,1
passed,False,onnx,kitti,NANO,006197.png,2,1,1,0,0,0,0,0,0
passed,False,onnx,kitti,NANO,006198.png,10,3,3,0,3,0,3,0,0
passed,False,onnx,kitti,NANO,006199.png,7,3,3,0,0,0,0,0,0
passed,False,onnx,kitti,NANO,006200.png,2,1,1,0,0,0,0,0,0
passed,False,onnx,kitti,NANO,006201.png,1,1,1,1,1,1,1,0,0
passed,False,onnx,kitti,NANO,006202.png,11,4,3,0,0,0,0,0,0
passed,False,onnx,kitti,NANO,006203.png,3,4,3,0,0,0,0,0,0
passed,False,onnx,kitti,NANO,006204.png,2,4,2,0,0,0,0,0,0
passed,False,onnx,kitti,NANO,006205.png,5,0,0,0,0,0,0,0,0
passed,False,onnx,kitti,NANO,006206.png,1,0,0,0,0,0,0,0,0
passed,False,onnx,kitti,NANO,006207.png,1,1,1,0,0,0,0,0,0
passed,False,onnx,kitti,NANO,006208.png,8,5,3,0,0,0,0,0,0
passed,False,onnx,kitti,NANO,006209.png,1,0,0,0,0,0,0,0,0
passed,False,onnx,kitti,NANO,006210.png,5,5,2,2,3,2,3,0,0
passed,False,onnx,kitti,NANO,006211.png,15,8,6,0,1,0,1,0,0
passed,False,onnx,kitti,NANO,006212.png,1,0,0,0,0,0,0,0,0
passed,False,onnx,kitti,NANO,006213.png,15,0,0,0,2,0,2,0,0
passed,False,onnx,kitti,NANO,006214.png,3,3,1,0,1,0,0,0,1
passed,False,onnx,kitti,NANO,006215.png,1,1,1,1,1,1,1,0,0
passed,False,onnx,kitti,NANO,006216.png,2,0,0,0,0,0,0,0,0
passed,False,onnx,kitti,NANO,006217.png,1,0,0,0,0,0,0,0,0
passed,False,onnx,kitti,NANO,006218.png,2,0,0,0,0,0,0,0,0
passed,False,onnx,kitti,NANO,006219.png,3,0,0,0,0,0,0,0,0
passed,False,onnx,kitti,NANO,006220.png,3,5,3,0,0,0,0,0,0
passed,False,onnx,kitti,NANO,006221.png,7,3,2,0,4,0,3,0,1
passed,False,onnx,kitti,NANO,006222.png,1,0,0,0,1,0,1,0,0
passed,False,onnx,kitti,NANO,006223.png,1,1,1,0,0,0,0,0,0
passed,False,onnx,kitti,NANO,006224.png,14,8,6,0,1,0,1,0,0
passed,False,onnx,kitti,NANO,006225.png,6,5,2,0,0,0,0,0,0
passed,False,onnx,kitti,NANO,006226.png,3,2,0,0,1,0,1,0,0
passed,False,onnx,kitti,NANO,006227.png,2,2,2,0,0,0,0,0,0
passed,False,onnx,kitti,NANO,006228.png,1,0,0,0,1,0,1,0,0
passed,False,onnx,kitti,NANO,006229.png,4,0,0,0,4,0,2,0,2
passed,False,onnx,kitti,NANO,006230.png,1,1,1,0,0,0,0,0,0
passed,False,onnx,kitti,NANO,006231.png,6,5,5,0,1,0,0,0,1
passed,False,onnx,kitti,NANO,006232.png,7,5,3,0,1,0,1,0,0
passed,False,onnx,kitti,NANO,006233.png,5,5,4,0,0,0,0,0,0
passed,False,onnx,kitti,NANO,006234.png,2,1,1,0,1,0,0,0,1
passed,False,onnx,kitti,NANO,006235.png,3,2,1,0,0,0,0,0,0
passed,False,onnx,kitti,NANO,006236.png,14,13,7,0,1,0,1,0,0
passed,False,onnx,kitti,NANO,006237.png,5,2,2,0,0,0,0,0,0
passed,False,onnx,kitti,NANO,006238.png,9,2,1,0,0,0,0,0,0
passed,False,onnx,kitti,NANO,006239.png,1,1,1,0,0,0,0,0,0
passed,False,onnx,kitti,NANO,006240.png,1,2,1,1,1,1,1,0,0
passed,False,onnx,kitti,NANO,006241.png,4,1,1,0,0,0,0,0,0
passed,False,onnx,kitti,NANO,006242.png,6,2,1,0,1,0,0,0,1
passed,False,onnx,kitti,NANO,006243.png,3,0,0,0,0,0,0,0,0
passed,False,onnx,kitti,NANO,006244.png,1,0,0,0,0,0,0,0,0
passed,False,onnx,kitti,NANO,006245.png,6,6,3,0,0,0,0,0,0
passed,False,onnx,kitti,NANO,006246.png,5,5,3,0,0,0,0,0,0
passed,False,onnx,kitti,NANO,006247.png,3,0,0,0,1,0,0,0,1
passed,False,onnx,kitti,NANO,006248.png,4,2,2,0,0,0,0,0,0
passed,False,onnx,kitti,NANO,006249.png,4,0,0,0,0,0,0,0,0
passed,False,onnx,kitti,NANO,006250.png,4,1,1,0,0,0,0,0,0
passed,False,onnx,kitti,NANO,006251.png,14,11,8,0,0,0,0,0,0
passed,False,onnx,kitti,NANO,006252.png,1,0,0,0,0,0,0,0,0
passed,False,onnx,kitti,NANO,006253.png,6,4,4,0,0,0,0,0,0
passed,False,onnx,kitti,NANO,006254.png,6,1,1,0,0,0,0,0,0
passed,False,onnx,kitti,NANO,006255.png,3,1,1,0,0,0,0,0,0
passed,False,onnx,kitti,NANO,006256.png,12,6,4,0,4,0,4,0,0
passed,False,onnx,kitti,NANO,006257.png,5,2,2,0,1,0,0,0,1
passed,False,onnx,kitti,NANO,006258.png,1,1,1,1,1,1,1,0,0
passed,False,onnx,kitti,NANO,006259.png,2,0,0,0,0,0,0,0,0
passed,False,onnx,kitti,NANO,006260.png,14,8,4,0,0,0,0,0,0
passed,False,onnx,kitti,NANO,006261.png,7,4,4,0,1,0,0,0,1
passed,False,onnx,kitti,NANO,006262.png,9,3,3,0,2,0,1,0,1
passed,False,onnx,kitti,NANO,006263.png,6,4,4,0,0,0,0,0,0
passed,False,onnx,kitti,NANO,006264.png,4,1,1,0,0,0,0,0,0
passed,False,onnx,kitti,NANO,006265.png,3,1,1,0,1,0,0,0,1
passed,False,onnx,kitti,NANO,006266.png,6,4,4,0,0,0,0,0,0
passed,False,onnx,kitti,NANO,006267.png,3,0,0,0,0,0,0,0,0
passed,False,onnx,kitti,NANO,006268.png,7,7,5,5,7,5,7,0,0
passed,False,onnx,kitti,NANO,006269.png,4,4,4,0,0,0,0,0,0
passed,False,onnx,kitti,NANO,006270.png,2,1,1,0,0,0,0,0,0
passed,False,onnx,kitti,NANO,006271.png,6,9,4,0,0,0,0,0,0
passed,False,onnx,kitti,NANO,006272.png,10,3,3,0,0,0,0,0,0
passed,False,onnx,kitti,NANO,006273.png,7,2,2,0,1,0,0,0,1
passed,False,onnx,kitti,NANO,006274.png,3,0,0,0,1,0,1,0,0
passed,False,onnx,kitti,NANO,006275.png,4,3,3,0,0,0,0,0,0
passed,False,onnx,kitti,NANO,006276.png,9,2,1,0,7,0,3,0,4
passed,False,onnx,kitti,NANO,006277.png,1,0,0,0,1,0,1,0,0
passed,False,onnx,kitti,NANO,006278.png,6,5,5,0,0,0,0,0,0
passed,False,onnx,kitti,NANO,006279.png,2,0,0,0,0,0,0,0,0
passed,False,onnx,kitti,NANO,006280.png,3,0,0,0,1,0,0,0,1
passed,False,onnx,kitti,NANO,006281.png,15,12,6,0,0,0,0,0,0
passed,False,onnx,kitti,NANO,006282.png,3,0,0,0,0,0,0,0,0
passed,False,onnx,kitti,NANO,006283.png,2,0,0,0,0,0,0,0,0
passed,False,onnx,kitti,NANO,006284.png,8,7,2,2,8,2,7,0,1
passed,False,onnx,kitti,NANO,006285.png,7,7,4,0,0,0,0,0,0
passed,False,onnx,kitti,NANO,006286.png,4,2,1,0,0,0,0,0,0
passed,False,onnx,kitti,NANO,006287.png,2,3,2,0,0,0,0,0,0
passed,False,onnx,kitti,NANO,006288.png,2,0,0,0,0,0,0,0,0
passed,False,onnx,kitti,NANO,006289.png,1,0,0,0,0,0,0,0,0
passed,False,onnx,kitti,NANO,006290.png,4,0,0,0,0,0,0,0,0
passed,False,onnx,kitti,NANO,006291.png,14,11,7,0,0,0,0,0,0
passed,False,onnx,kitti,NANO,006292.png,1,1,1,1,1,1,1,0,0
passed,False,onnx,kitti,NANO,006293.png,6,2,2,0,2,0,1,0,1
passed,False,onnx,kitti,NANO,006294.png,1,1,0,0,1,0,1,0,0
passed,False,onnx,kitti,NANO,006295.png,13,4,3,0,0,0,0,0,0
passed,False,onnx,kitti,NANO,006296.png,5,2,1,0,0,0,0,0,0
passed,False,onnx,kitti,NANO,006297.png,4,1,0,0,0,0,0,0,0
passed,False,onnx,kitti,NANO,006298.png,7,3,3,0,1,0,1,0,0
passed,False,onnx,kitti,NANO,006299.png,1,1,1,1,1,1,1,0,0
passed,False,onnx,kitti,NANO,006300.png,11,9,6,0,0,0,0,0,0
passed,False,onnx,kitti,NANO,006301.png,8,4,1,0,1,0,1,0,0
passed,False,onnx,kitti,NANO,006302.png,3,3,2,0,0,0,0,0,0
passed,False,onnx,kitti,NANO,006303.png,8,4,1,0,2,0,2,0,0
passed,False,onnx,kitti,NANO,006304.png,2,1,0,0,0,0,0,0,0
passed,False,onnx,kitti,NANO,006305.png,4,3,3,0,0,0,0,0,0
passed,False,onnx,kitti,NANO,006306.png,11,8,6,0,0,0,0,0,0
passed,False,onnx,kitti,NANO,006307.png,8,4,2,0,0,0,0,0,0
passed,False,onnx,kitti,NANO,006308.png,1,2,1,1,1,1,1,0,0
passed,False,onnx,kitti,NANO,006309.png,1,1,1,0,0,0,0,0,0
passed,False,onnx,kitti,NANO,006310.png,7,4,1,0,0,0,0,0,0
passed,False,onnx,kitti,NANO,006311.png,1,1,1,0,0,0,0,0,0
passed,False,onnx,kitti,NANO,006312.png,9,6,4,0,0,0,0,0,0
passed,False,onnx,kitti,NANO,006313.png,6,1,1,0,1,0,1,0,0
passed,False,onnx,kitti,NANO,006314.png,10,9,6,0,0,0,0,0,0
passed,False,onnx,kitti,NANO,006315.png,3,3,2,0,0,0,0,0,0
passed,False,onnx,kitti,NANO,006316.png,1,0,0,0,0,0,0,0,0
passed,False,onnx,kitti,NANO,006317.png,3,0,0,0,0,0,0,0,0
passed,False,onnx,kitti,NANO,006318.png,1,1,1,0,0,0,0,0,0
passed,False,onnx,kitti,NANO,006319.png,4,4,3,0,0,0,0,0,0
passed,False,onnx,kitti,NANO,006320.png,8,3,3,0,0,0,0,0,0
passed,False,onnx,kitti,NANO,006321.png,1,1,0,0,0,0,0,0,0
passed,False,onnx,kitti,NANO,006322.png,8,7,2,0,0,0,0,0,0
passed,False,onnx,kitti,NANO,006323.png,2,0,0,0,0,0,0,0,0
passed,False,onnx,kitti,NANO,006324.png,5,5,4,0,0,0,0,0,0
passed,False,onnx,kitti,NANO,006325.png,2,3,1,0,0,0,0,0,0
passed,False,onnx,kitti,NANO,006326.png,5,3,3,0,0,0,0,0,0
passed,False,onnx,kitti,NANO,006327.png,1,1,1,0,0,0,0,0,0
passed,False,onnx,kitti,NANO,006328.png,8,2,1,0,1,0,1,0,0
passed,False,onnx,kitti,NANO,006329.png,5,8,5,0,0,0,0,0,0
passed,False,onnx,kitti,NANO,006330.png,7,2,2,0,0,0,0,0,0
passed,False,onnx,kitti,NANO,006331.png,2,0,0,0,0,0,0,0,0
passed,False,onnx,kitti,NANO,006332.png,3,0,0,0,0,0,0,0,0
passed,False,onnx,kitti,NANO,006333.png,5,2,1,0,2,0,0,0,2
passed,False,onnx,kitti,NANO,006334.png,8,3,3,0,2,0,2,0,0
passed,False,onnx,kitti,NANO,006335.png,4,1,1,0,0,0,0,0,0
passed,False,onnx,kitti,NANO,006336.png,7,6,4,0,0,0,0,0,0
passed,False,onnx,kitti,NANO,006337.png,1,1,1,1,1,1,1,0,0
passed,False,onnx,kitti,NANO,006338.png,8,9,4,0,0,0,0,0,0
passed,False,onnx,kitti,NANO,006339.png,2,1,1,0,1,0,0,0,1
passed,False,onnx,kitti,NANO,006340.png,2,0,0,0,0,0,0,0,0
passed,False,onnx,kitti,NANO,006341.png,5,8,4,4,5,4,4,0,1
passed,False,onnx,kitti,NANO,006342.png,11,7,3,0,0,0,0,0,0
passed,False,onnx,kitti,NANO,006343.png,2,0,0,0,0,0,0,0,0
passed,False,onnx,kitti,NANO,006344.png,10,2,2,0,0,0,0,0,0
passed,False,onnx,kitti,NANO,006345.png,13,5,5,0,0,0,0,0,0
passed,False,onnx,kitti,NANO,006346.png,3,1,0,0,0,0,0,0,0
passed,False,onnx,kitti,NANO,006347.png,1,1,1,0,0,0,0,0,0
passed,False,onnx,kitti,NANO,006348.png,1,1,1,0,0,0,0,0,0
passed,False,onnx,kitti,NANO,006349.png,1,0,0,0,0,0,0,0,0
passed,False,onnx,kitti,NANO,006350.png,4,3,0,0,0,0,0,0,0
passed,False,onnx,kitti,NANO,006351.png,2,0,0,0,0,0,0,0,0
passed,False,onnx,kitti,NANO,006352.png,2,3,1,0,1,0,0,0,1
passed,False,onnx,kitti,NANO,006353.png,2,1,1,0,0,0,0,0,0
passed,False,onnx,kitti,NANO,006354.png,1,1,1,1,1,1,1,0,0
passed,False,onnx,kitti,NANO,006355.png,3,1,1,0,0,0,0,0,0
passed,False,onnx,kitti,NANO,006356.png,8,8,4,0,0,0,0,0,0
passed,False,onnx,kitti,NANO,006357.png,2,1,1,0,0,0,0,0,0
passed,False,onnx,kitti,NANO,006358.png,4,2,2,0,1,0,0,0,1
passed,False,onnx,kitti,NANO,006359.png,1,0,0,0,0,0,0,0,0
passed,False,onnx,kitti,NANO,006360.png,3,4,3,0,0,0,0,0,0
passed,False,onnx,kitti,NANO,006361.png,11,6,4,0,1,0,1,0,0
passed,False,onnx,kitti,NANO,006362.png,8,3,2,0,3,0,3,0,0
passed,False,onnx,kitti,NANO,006363.png,5,3,1,0,0,0,0,0,0
passed,False,onnx,kitti,NANO,006364.png,2,1,1,0,1,0,1,0,0
passed,False,onnx,kitti,NANO,006365.png,12,7,4,0,0,0,0,0,0
passed,False,onnx,kitti,NANO,006366.png,9,5,3,0,0,0,0,0,0
passed,False,onnx,kitti,NANO,006367.png,4,2,2,0,0,0,0,0,0
passed,False,onnx,kitti,NANO,006368.png,9,7,5,0,0,0,0,0,0
passed,False,onnx,kitti,NANO,006369.png,5,2,1,0,1,0,0,0,1
passed,False,onnx,kitti,NANO,006370.png,6,3,3,0,0,0,0,0,0
passed,False,onnx,kitti,NANO,006371.png,8,4,3,0,1,0,0,0,1
passed,False,onnx,kitti,NANO,006372.png,7,5,4,0,0,0,0,0,0
passed,False,onnx,kitti,NANO,006373.png,2,2,1,0,0,0,0,0,0
passed,False,onnx,kitti,NANO,006374.png,2,3,2,0,0,0,0,0,0
passed,False,onnx,kitti,NANO,006375.png,1,0,0,0,0,0,0,0,0
passed,False,onnx,kitti,NANO,006376.png,16,7,6,0,0,0,0,0,0
passed,False,onnx,kitti,NANO,006377.png,2,2,1,0,0,0,0,0,0
passed,False,onnx,kitti,NANO,006378.png,5,2,2,0,3,0,0,0,3
passed,False,onnx,kitti,NANO,006379.png,13,12,6,0,0,0,0,0,0
passed,False,onnx,kitti,NANO,006380.png,3,0,0,0,1,0,0,0,1
passed,False,onnx,kitti,NANO,006381.png,6,6,4,0,1,0,1,0,0
passed,False,onnx,kitti,NANO,006382.png,4,2,0,0,2,0,1,0,1
passed,False,onnx,kitti,NANO,006383.png,1,0,0,0,0,0,0,0,0
passed,False,onnx,kitti,NANO,006384.png,1,0,0,0,0,0,0,0,0
passed,False,onnx,kitti,NANO,006385.png,4,1,1,0,0,0,0,0,0
passed,False,onnx,kitti,NANO,006386.png,5,0,0,0,0,0,0,0,0
passed,False,onnx,kitti,NANO,006387.png,2,0,0,0,0,0,0,0,0
passed,False,onnx,kitti,NANO,006388.png,4,3,3,0,0,0,0,0,0
passed,False,onnx,kitti,NANO,006389.png,14,8,5,0,0,0,0,0,0
passed,False,onnx,kitti,NANO,006390.png,15,10,6,0,1,0,1,0,0
passed,False,onnx,kitti,NANO,006391.png,6,4,4,0,0,0,0,0,0
passed,False,onnx,kitti,NANO,006392.png,1,0,0,0,0,0,0,0,0
passed,False,onnx,kitti,NANO,006393.png,1,1,1,0,0,0,0,0,0
passed,False,onnx,kitti,NANO,006394.png,7,6,3,0,0,0,0,0,0
passed,False,onnx,kitti,NANO,006395.png,9,5,2,2,9,2,8,0,1
passed,False,onnx,kitti,NANO,006396.png,14,1,1,0,11,0,7,0,4
passed,False,onnx,kitti,NANO,006397.png,2,1,1,0,0,0,0,0,0
passed,False,onnx,kitti,NANO,006398.png,3,3,3,0,0,0,0,0,0
passed,False,onnx,kitti,NANO,006399.png,14,12,7,0,0,0,0,0,0
passed,False,onnx,kitti,NANO,006400.png,6,3,3,3,6,3,6,0,0
passed,False,onnx,kitti,NANO,006401.png,14,8,4,0,0,0,0,0,0
passed,False,onnx,kitti,NANO,006402.png,5,1,1,0,0,0,0,0,0
passed,False,onnx,kitti,NANO,006403.png,6,5,4,0,0,0,0,0,0
passed,False,onnx,kitti,NANO,006404.png,10,10,5,0,0,0,0,0,0
passed,False,onnx,kitti,NANO,006405.png,3,0,0,0,0,0,0,0,0
passed,False,onnx,kitti,NANO,006406.png,2,1,1,0,1,0,0,0,1
passed,False,onnx,kitti,NANO,006407.png,6,2,2,0,3,0,0,0,3
passed,False,onnx,kitti,NANO,006408.png,7,0,0,0,0,0,0,0,0
passed,False,onnx,kitti,NANO,006409.png,3,3,0,0,0,0,0,0,0
passed,False,onnx,kitti,NANO,006410.png,7,6,4,0,0,0,0,0,0
passed,False,onnx,kitti,NANO,006411.png,1,1,1,1,1,1,1,0,0
passed,False,onnx,kitti,NANO,006412.png,4,2,1,1,4,1,4,0,0
passed,False,onnx,kitti,NANO,006413.png,4,4,3,0,0,0,0,0,0
passed,False,onnx,kitti,NANO,006414.png,2,0,0,0,1,0,0,0,1
passed,False,onnx,kitti,NANO,006415.png,4,0,0,0,2,0,0,0,2
passed,False,onnx,kitti,NANO,006416.png,11,4,4,0,0,0,0,0,0
passed,False,onnx,kitti,NANO,006417.png,5,0,0,0,0,0,0,0,0
passed,False,onnx,kitti,NANO,006418.png,6,3,3,0,0,0,0,0,0
passed,False,onnx,kitti,NANO,006419.png,3,1,1,0,0,0,0,0,0
passed,False,onnx,kitti,NANO,006420.png,5,4,3,0,0,0,0,0,0
passed,False,onnx,kitti,NANO,006421.png,5,3,2,0,0,0,0,0,0
passed,False,onnx,kitti,NANO,006422.png,20,5,5,5,15,5,14,0,1
passed,False,onnx,kitti,NANO,006423.png,9,5,4,0,0,0,0,0,0
passed,False,onnx,kitti,NANO,006424.png,12,5,5,3,9,3,9,0,0
passed,False,onnx,kitti,NANO,006425.png,4,2,2,0,0,0,0,0,0
passed,False,onnx,kitti,NANO,006426.png,12,18,7,0,0,0,0,0,0
passed,False,onnx,kitti,NANO,006427.png,10,3,3,3,9,3,9,0,0
passed,False,onnx,kitti,NANO,006428.png,6,1,1,0,0,0,0,0,0
passed,False,onnx,kitti,NANO,006429.png,10,9,4,0,0,0,0,0,0
passed,False,onnx,kitti,NANO,006430.png,5,4,3,0,0,0,0,0,0
passed,False,onnx,kitti,NANO,006431.png,16,8,5,0,6,0,4,0,2
passed,False,onnx,kitti,NANO,006432.png,7,7,3,0,0,0,0,0,0
passed,False,onnx,kitti,NANO,006433.png,5,0,0,0,3,0,2,0,1
passed,False,onnx,kitti,NANO,006434.png,1,1,1,1,1,1,1,0,0
passed,False,onnx,kitti,NANO,006435.png,2,1,1,0,0,0,0,0,0
passed,False,onnx,kitti,NANO,006436.png,3,2,1,0,0,0,0,0,0
passed,False,onnx,kitti,NANO,006437.png,4,0,0,0,0,0,0,0,0
passed,False,onnx,kitti,NANO,006438.png,7,5,3,0,0,0,0,0,0
passed,False,onnx,kitti,NANO,006439.png,4,3,0,0,0,0,0,0,0
passed,False,onnx,kitti,NANO,006440.png,3,2,2,0,1,0,1,0,0
passed,False,onnx,kitti,NANO,006441.png,4,5,3,1,2,1,2,0,0
passed,False,onnx,kitti,NANO,006442.png,3,1,1,0,0,0,0,0,0
passed,False,onnx,kitti,NANO,006443.png,4,0,0,0,0,0,0,0,0
passed,False,onnx,kitti,NANO,006444.png,11,5,5,5,9,5,9,0,0
passed,False,onnx,kitti,NANO,006445.png,7,6,4,0,0,0,0,0,0
passed,False,onnx,kitti,NANO,006446.png,2,2,1,0,1,0,0,0,1
passed,False,onnx,kitti,NANO,006447.png,6,1,1,0,0,0,0,0,0
passed,False,onnx,kitti,NANO,006448.png,5,5,2,0,0,0,0,0,0
passed,False,onnx,kitti,NANO,006449.png,9,1,0,0,2,0,1,0,1
passed,False,onnx,kitti,NANO,006450.png,6,1,1,0,0,0,0,0,0
passed,False,onnx,kitti,NANO,006451.png,1,1,1,1,1,1,1,0,0
passed,False,onnx,kitti,NANO,006452.png,4,0,0,0,0,0,0,0,0
passed,False,onnx,kitti,NANO,006453.png,3,1,0,0,3,0,3,0,0
passed,False,onnx,kitti,NANO,006454.png,4,5,3,0,0,0,0,0,0
passed,False,onnx,kitti,NANO,006455.png,1,1,1,0,0,0,0,0,0
passed,False,onnx,kitti,NANO,006456.png,1,1,1,0,0,0,0,0,0
passed,False,onnx,kitti,NANO,006457.png,6,2,2,0,0,0,0,0,0
passed,False,onnx,kitti,NANO,006458.png,1,1,1,1,1,1,1,0,0
passed,False,onnx,kitti,NANO,006459.png,3,1,1,0,0,0,0,0,0
passed,False,onnx,kitti,NANO,006460.png,3,0,0,0,1,0,0,0,1
passed,False,onnx,kitti,NANO,006461.png,5,1,1,0,0,0,0,0,0
passed,False,onnx,kitti,NANO,006462.png,3,3,3,0,0,0,0,0,0
passed,False,onnx,kitti,NANO,006463.png,5,5,4,0,0,0,0,0,0
passed,False,onnx,kitti,NANO,006464.png,2,0,0,0,2,0,1,0,1
passed,False,onnx,kitti,NANO,006465.png,4,0,0,0,0,0,0,0,0
passed,False,onnx,kitti,NANO,006466.png,1,0,0,0,0,0,0,0,0
passed,False,onnx,kitti,NANO,006467.png,8,2,1,0,3,0,3,0,0
passed,False,onnx,kitti,NANO,006468.png,8,9,4,0,0,0,0,0,0
passed,False,onnx,kitti,NANO,006469.png,6,4,3,0,0,0,0,0,0
passed,False,onnx,kitti,NANO,006470.png,5,4,1,0,0,0,0,0,0
passed,False,onnx,kitti,NANO,006471.png,1,1,1,1,1,1,1,0,0
passed,False,onnx,kitti,NANO,006472.png,1,0,0,0,1,0,1,0,0
passed,False,onnx,kitti,NANO,006473.png,3,1,1,0,1,0,0,0,1
passed,False,onnx,kitti,NANO,006474.png,8,4,2,0,1,0,1,0,0
passed,False,onnx,kitti,NANO,006475.png,12,5,3,3,11,3,10,0,1
passed,False,onnx,kitti,NANO,006476.png,4,1,0,0,1,0,1,0,0
passed,False,onnx,kitti,NANO,006477.png,4,1,1,0,0,0,0,0,0
passed,False,onnx,kitti,NANO,006478.png,6,3,2,1,4,1,4,0,0
passed,False,onnx,kitti,NANO,006479.png,3,0,0,0,1,0,0,0,1
passed,False,onnx,kitti,NANO,006480.png,1,0,0,0,1,0,1,0,0
passed,False,onnx,kitti,NANO,006481.png,3,4,2,0,0,0,0,0,0
passed,False,onnx,kitti,NANO,006482.png,4,0,0,0,0,0,0,0,0
passed,False,onnx,kitti,NANO,006483.png,5,4,2,0,0,0,0,0,0
passed,False,onnx,kitti,NANO,006484.png,3,0,0,0,1,0,0,0,1
passed,False,onnx,kitti,NANO,006485.png,1,1,1,0,0,0,0,0,0
passed,False,onnx,kitti,NANO,006486.png,2,2,2,2,2,2,2,0,0
passed,False,onnx,kitti,NANO,006487.png,3,3,2,0,0,0,0,0,0
passed,False,onnx,kitti,NANO,006488.png,10,8,6,6,9,6,9,0,0
passed,False,onnx,kitti,NANO,006489.png,12,7,6,0,0,0,0,0,0
passed,False,onnx,kitti,NANO,006490.png,7,0,0,0,0,0,0,0,0
passed,False,onnx,kitti,NANO,006491.png,3,1,0,0,0,0,0,0,0
passed,False,onnx,kitti,NANO,006492.png,5,3,1,0,1,0,0,0,1
passed,False,onnx,kitti,NANO,006493.png,6,4,4,0,0,0,0,0,0
passed,False,onnx,kitti,NANO,006494.png,7,8,5,0,0,0,0,0,0
passed,False,onnx,kitti,NANO,006495.png,6,2,1,0,0,0,0,0,0
passed,False,onnx,kitti,NANO,006496.png,10,5,3,2,7,2,5,0,2
passed,False,onnx,kitti,NANO,006497.png,11,4,4,0,0,0,0,0,0
passed,False,onnx,kitti,NANO,006498.png,8,5,3,0,1,0,1,0,0
passed,False,onnx,kitti,NANO,006499.png,2,1,1,0,0,0,0,0,0
passed,False,onnx,kitti,NANO,006500.png,5,2,1,0,1,0,0,0,1
passed,False,onnx,kitti,NANO,006501.png,4,2,1,0,0,0,0,0,0
passed,False,onnx,kitti,NANO,006502.png,1,1,1,1,1,1,1,0,0
passed,False,onnx,kitti,NANO,006503.png,5,1,1,0,1,0,0,0,1
passed,False,onnx,kitti,NANO,006504.png,4,2,2,0,0,0,0,0,0
passed,False,onnx,kitti,NANO,006505.png,2,1,1,0,0,0,0,0,0
passed,False,onnx,kitti,NANO,006506.png,5,2,2,0,0,0,0,0,0
passed,False,onnx,kitti,NANO,006507.png,4,1,1,0,0,0,0,0,0
passed,False,onnx,kitti,NANO,006508.png,7,3,3,0,1,0,1,0,0
passed,False,onnx,kitti,NANO,006509.png,4,3,2,0,0,0,0,0,0
passed,False,onnx,kitti,NANO,006510.png,1,0,0,0,0,0,0,0,0
passed,False,onnx,kitti,NANO,006511.png,8,3,3,0,4,0,4,0,0
passed,False,onnx,kitti,NANO,006512.png,3,0,0,0,0,0,0,0,0
passed,False,onnx,kitti,NANO,006513.png,6,3,3,0,0,0,0,0,0
passed,False,onnx,kitti,NANO,006514.png,4,0,0,0,0,0,0,0,0
passed,False,onnx,kitti,NANO,006515.png,4,5,3,0,0,0,0,0,0
passed,False,onnx,kitti,NANO,006516.png,2,3,2,0,0,0,0,0,0
passed,False,onnx,kitti,NANO,006517.png,2,0,0,0,2,0,1,0,1
passed,False,onnx,kitti,NANO,006518.png,2,0,0,0,0,0,0,0,0
passed,False,onnx,kitti,NANO,006519.png,11,6,4,0,3,0,3,0,0
passed,False,onnx,kitti,NANO,006520.png,8,6,6,0,0,0,0,0,0
passed,False,onnx,kitti,NANO,006521.png,1,0,0,0,0,0,0,0,0
passed,False,onnx,kitti,NANO,006522.png,6,0,0,0,2,0,2,0,0
passed,False,onnx,kitti,NANO,006523.png,12,7,3,0,0,0,0,0,0
passed,False,onnx,kitti,NANO,006524.png,4,1,1,0,0,0,0,0,0
passed,False,onnx,kitti,NANO,006525.png,7,6,3,0,1,0,1,0,0
passed,False,onnx,kitti,NANO,006526.png,6,4,4,0,0,0,0,0,0
passed,False,onnx,kitti,NANO,006527.png,9,9,3,0,0,0,0,0,0
passed,False,onnx,kitti,NANO,006528.png,12,0,0,0,10,0,7,0,3
passed,False,onnx,kitti,NANO,006529.png,2,0,0,0,0,0,0,0,0
passed,False,onnx,kitti,NANO,006530.png,7,4,3,0,0,0,0,0,0
passed,False,onnx,kitti,NANO,006531.png,5,6,4,0,0,0,0,0,0
passed,False,onnx,kitti,NANO,006532.png,8,8,5,0,0,0,0,0,0
passed,False,onnx,kitti,NANO,006533.png,4,1,1,0,0,0,0,0,0
passed,False,onnx,kitti,NANO,006534.png,5,1,1,0,1,0,1,0,0
passed,False,onnx,kitti,NANO,006535.png,9,10,3,0,0,0,0,0,0
passed,False,onnx,kitti,NANO,006536.png,7,3,2,1,1,1,1,0,0
passed,False,onnx,kitti,NANO,006537.png,2,1,1,0,0,0,0,0,0
passed,False,onnx,kitti,NANO,006538.png,6,3,3,0,0,0,0,0,0
passed,False,onnx,kitti,NANO,006539.png,5,7,4,4,5,4,4,0,1
passed,False,onnx,kitti,NANO,006540.png,4,2,2,0,0,0,0,0,0
passed,False,onnx,kitti,NANO,006541.png,1,1,0,0,0,0,0,0,0
passed,False,onnx,kitti,NANO,006542.png,5,1,0,0,0,0,0,0,0
passed,False,onnx,kitti,NANO,006543.png,6,4,3,0,0,0,0,0,0
passed,False,onnx,kitti,NANO,006544.png,4,1,1,0,0,0,0,0,0
passed,False,onnx,kitti,NANO,006545.png,4,2,2,0,0,0,0,0,0
passed,False,onnx,kitti,NANO,006546.png,2,2,1,0,1,0,1,0,0
passed,False,onnx,kitti,NANO,006547.png,2,1,1,0,0,0,0,0,0
passed,False,onnx,kitti,NANO,006548.png,4,2,2,0,0,0,0,0,0
passed,False,onnx,kitti,NANO,006549.png,14,12,7,0,0,0,0,0,0
passed,False,onnx,kitti,NANO,006550.png,2,2,2,0,0,0,0,0,0
passed,False,onnx,kitti,NANO,006551.png,3,1,1,0,0,0,0,0,0
passed,False,onnx,kitti,NANO,006552.png,4,5,4,4,4,4,4,0,0
passed,False,onnx,kitti,NANO,006553.png,2,3,1,0,0,0,0,0,0
passed,False,onnx,kitti,NANO,006554.png,2,0,0,0,0,0,0,0,0
passed,False,onnx,kitti,NANO,006555.png,2,0,0,0,0,0,0,0,0
passed,False,onnx,kitti,NANO,006556.png,4,2,1,0,1,0,1,0,0
passed,False,onnx,kitti,NANO,006557.png,6,4,4,0,0,0,0,0,0
passed,False,onnx,kitti,NANO,006558.png,2,2,2,0,0,0,0,0,0
passed,False,onnx,kitti,NANO,006559.png,15,13,6,0,0,0,0,0,0
passed,False,onnx,kitti,NANO,006560.png,4,2,2,0,0,0,0,0,0
passed,False,onnx,kitti,NANO,006561.png,3,1,0,0,0,0,0,0,0
passed,False,onnx,kitti,NANO,006562.png,15,5,5,0,0,0,0,0,0
passed,False,onnx,kitti,NANO,006563.png,2,2,1,0,0,0,0,0,0
passed,False,onnx,kitti,NANO,006564.png,11,4,3,0,2,0,1,0,1
passed,False,onnx,kitti,NANO,006565.png,4,0,0,0,0,0,0,0,0
passed,False,onnx,kitti,NANO,006566.png,1,0,0,0,0,0,0,0,0
passed,False,onnx,kitti,NANO,006567.png,8,6,3,0,0,0,0,0,0
passed,False,onnx,kitti,NANO,006568.png,10,10,4,0,0,0,0,0,0
passed,False,onnx,kitti,NANO,006569.png,5,3,3,0,0,0,0,0,0
passed,False,onnx,kitti,NANO,006570.png,7,3,2,0,1,0,1,0,0
passed,False,onnx,kitti,NANO,006571.png,6,0,0,0,0,0,0,0,0
passed,False,onnx,kitti,NANO,006572.png,3,2,2,0,1,0,1,0,0
passed,False,onnx,kitti,NANO,006573.png,1,0,0,0,1,0,1,0,0
passed,False,onnx,kitti,NANO,006574.png,3,1,1,0,1,0,0,0,1
passed,False,onnx,kitti,NANO,006575.png,1,1,1,1,1,1,1,0,0
passed,False,onnx,kitti,NANO,006576.png,4,5,3,0,0,0,0,0,0
passed,False,onnx,kitti,NANO,006577.png,4,0,0,0,0,0,0,0,0
passed,False,onnx,kitti,NANO,006578.png,10,7,3,3,10,3,9,0,1
passed,False,onnx,kitti,NANO,006579.png,1,0,0,0,1,0,1,0,0
passed,False,onnx,kitti,NANO,006580.png,1,0,0,0,0,0,0,0,0
passed,False,onnx,kitti,NANO,006581.png,4,2,2,0,0,0,0,0,0
passed,False,onnx,kitti,NANO,006582.png,2,0,0,0,0,0,0,0,0
passed,False,onnx,kitti,NANO,006583.png,19,12,6,6,18,6,18,0,0
passed,False,onnx,kitti,NANO,006584.png,1,2,1,0,0,0,0,0,0
passed,False,onnx,kitti,NANO,006585.png,1,1,1,1,1,1,1,0,0
passed,False,onnx,kitti,NANO,006586.png,2,1,0,0,0,0,0,0,0
passed,False,onnx,kitti,NANO,006587.png,7,4,4,0,0,0,0,0,0
passed,False,onnx,kitti,NANO,006588.png,7,4,4,0,0,0,0,0,0
passed,False,onnx,kitti,NANO,006589.png,20,17,6,1,2,1,2,0,0
passed,False,onnx,kitti,NANO,006590.png,6,4,4,0,0,0,0,0,0
passed,False,onnx,kitti,NANO,006591.png,3,1,1,0,0,0,0,0,0
passed,False,onnx,kitti,NANO,006592.png,2,1,1,0,0,0,0,0,0
passed,False,onnx,kitti,NANO,006593.png,5,3,3,0,0,0,0,0,0
passed,False,onnx,kitti,NANO,006594.png,11,5,4,0,0,0,0,0,0
passed,False,onnx,kitti,NANO,006595.png,9,6,5,0,0,0,0,0,0
passed,False,onnx,kitti,NANO,006596.png,1,0,0,0,0,0,0,0,0
passed,False,onnx,kitti,NANO,006597.png,8,5,3,0,3,0,0,0,3
passed,False,onnx,kitti,NANO,006598.png,11,6,6,0,0,0,0,0,0
passed,False,onnx,kitti,NANO,006599.png,4,1,1,0,0,0,0,0,0
passed,False,onnx,kitti,NANO,006600.png,4,3,2,0,1,0,1,0,0
passed,False,onnx,kitti,NANO,006601.png,2,0,0,0,0,0,0,0,0
passed,False,onnx,kitti,NANO,006602.png,12,5,5,0,0,0,0,0,0
passed,False,onnx,kitti,NANO,006603.png,2,2,1,0,1,0,0,0,1
passed,False,onnx,kitti,NANO,006604.png,4,1,0,0,1,0,0,0,1
passed,False,onnx,kitti,NANO,006605.png,7,3,2,2,7,2,5,0,2
passed,False,onnx,kitti,NANO,006606.png,1,0,0,0,0,0,0,0,0
passed,False,onnx,kitti,NANO,006607.png,1,0,0,0,0,0,0,0,0
passed,False,onnx,kitti,NANO,006608.png,15,4,2,2,13,2,10,0,3
passed,False,onnx,kitti,NANO,006609.png,1,0,0,0,0,0,0,0,0
passed,False,onnx,kitti,NANO,006610.png,2,1,0,0,0,0,0,0,0
passed,False,onnx,kitti,NANO,006611.png,8,5,4,0,2,0,0,0,2
passed,False,onnx,kitti,NANO,006612.png,9,6,3,0,2,0,0,0,2
passed,False,onnx,kitti,NANO,006613.png,8,5,1,1,7,1,7,0,0
passed,False,onnx,kitti,NANO,006614.png,4,1,1,0,0,0,0,0,0
passed,False,onnx,kitti,NANO,006615.png,1,0,0,0,0,0,0,0,0
passed,False,onnx,kitti,NANO,006616.png,6,2,1,0,0,0,0,0,0
passed,False,onnx,kitti,NANO,006617.png,6,1,1,1,2,1,2,0,0
passed,False,onnx,kitti,NANO,006618.png,4,1,1,0,0,0,0,0,0
passed,False,onnx,kitti,NANO,006619.png,5,1,1,0,0,0,0,0,0
passed,False,onnx,kitti,NANO,006620.png,3,0,0,0,0,0,0,0,0
passed,False,onnx,kitti,NANO,006621.png,3,0,0,0,0,0,0,0,0
passed,False,onnx,kitti,NANO,006622.png,11,8,4,0,0,0,0,0,0
passed,False,onnx,kitti,NANO,006623.png,7,2,2,0,4,0,3,0,1
passed,False,onnx,kitti,NANO,006624.png,8,4,1,0,0,0,0,0,0
passed,False,onnx,kitti,NANO,006625.png,10,4,4,0,0,0,0,0,0
passed,False,onnx,kitti,NANO,006626.png,2,0,0,0,0,0,0,0,0
passed,False,onnx,kitti,NANO,006627.png,7,3,3,1,4,1,4,0,0
passed,False,onnx,kitti,NANO,006628.png,8,3,1,0,1,0,0,0,1
passed,False,onnx,kitti,NANO,006629.png,8,5,1,0,1,0,1,0,0
passed,False,onnx,kitti,NANO,006630.png,6,6,3,0,0,0,0,0,0
passed,False,onnx,kitti,NANO,006631.png,4,3,2,0,0,0,0,0,0
passed,False,onnx,kitti,NANO,006632.png,8,3,3,0,1,0,0,0,1
passed,False,onnx,kitti,NANO,006633.png,4,0,0,0,0,0,0,0,0
passed,False,onnx,kitti,NANO,006634.png,3,1,1,0,0,0,0,0,0
passed,False,onnx,kitti,NANO,006635.png,5,2,2,0,1,0,0,0,1
passed,False,onnx,kitti,NANO,006636.png,2,0,0,0,0,0,0,0,0
passed,False,onnx,kitti,NANO,006637.png,10,3,3,0,0,0,0,0,0
passed,False,onnx,kitti,NANO,006638.png,8,7,6,0,0,0,0,0,0
passed,False,onnx,kitti,NANO,006639.png,14,10,7,0,1,0,1,0,0
passed,False,onnx,kitti,NANO,006640.png,8,3,3,0,0,0,0,0,0
passed,False,onnx,kitti,NANO,006641.png,1,1,0,0,0,0,0,0,0
passed,False,onnx,kitti,NANO,006642.png,10,4,4,0,1,0,1,0,0
passed,False,onnx,kitti,NANO,006643.png,4,1,1,0,0,0,0,0,0
passed,False,onnx,kitti,NANO,006644.png,4,5,3,0,0,0,0,0,0
passed,False,onnx,kitti,NANO,006645.png,3,1,1,1,3,1,3,0,0
passed,False,onnx,kitti,NANO,006646.png,4,2,2,0,0,0,0,0,0
passed,False,onnx,kitti,NANO,006647.png,5,2,2,0,1,0,0,0,1
passed,False,onnx,kitti,NANO,006648.png,12,10,4,0,0,0,0,0,0
passed,False,onnx,kitti,NANO,006649.png,8,5,4,0,1,0,1,0,0
passed,False,onnx,kitti,NANO,006650.png,3,0,0,0,3,0,2,0,1
passed,False,onnx,kitti,NANO,006651.png,4,1,1,0,1,0,0,0,1
passed,False,onnx,kitti,NANO,006652.png,1,1,1,1,1,1,1,0,0
passed,False,onnx,kitti,NANO,006653.png,1,0,0,0,1,0,1,0,0
passed,False,onnx,kitti,NANO,006654.png,2,2,0,0,0,0,0,0,0
passed,False,onnx,kitti,NANO,006655.png,9,4,3,0,0,0,0,0,0
passed,False,onnx,kitti,NANO,006656.png,1,1,0,0,1,0,1,0,0
passed,False,onnx,kitti,NANO,006657.png,5,3,2,0,3,0,1,0,2
passed,False,onnx,kitti,NANO,006658.png,4,5,2,0,0,0,0,0,0
passed,False,onnx,kitti,NANO,006659.png,6,5,4,0,1,0,0,0,1
passed,False,onnx,kitti,NANO,006660.png,12,9,9,0,0,0,0,0,0
passed,False,onnx,kitti,NANO,006661.png,1,1,1,1,1,1,1,0,0
passed,False,onnx,kitti,NANO,006662.png,9,6,4,0,0,0,0,0,0
passed,False,onnx,kitti,NANO,006663.png,8,6,5,0,0,0,0,0,0
passed,False,onnx,kitti,NANO,006664.png,5,2,1,0,0,0,0,0,0
passed,False,onnx,kitti,NANO,006665.png,7,6,4,0,0,0,0,0,0
passed,False,onnx,kitti,NANO,006666.png,1,0,0,0,1,0,1,0,0
passed,False,onnx,kitti,NANO,006667.png,5,6,4,0,0,0,0,0,0
passed,False,onnx,kitti,NANO,006668.png,2,1,1,0,0,0,0,0,0
passed,False,onnx,kitti,NANO,006669.png,5,3,0,0,0,0,0,0,0
passed,False,onnx,kitti,NANO,006670.png,3,3,1,0,0,0,0,0,0
passed,False,onnx,kitti,NANO,006671.png,2,0,0,0,0,0,0,0,0
passed,False,onnx,kitti,NANO,006672.png,6,9,4,0,0,0,0,0,0
passed,False,onnx,kitti,NANO,006673.png,9,3,3,0,0,0,0,0,0
passed,False,onnx,kitti,NANO,006674.png,3,2,1,0,0,0,0,0,0
passed,False,onnx,kitti,NANO,006675.png,3,1,1,0,0,0,0,0,0
passed,False,onnx,kitti,NANO,006676.png,1,1,1,1,1,1,1,0,0
passed,False,onnx,kitti,NANO,006677.png,1,1,1,0,0,0,0,0,0
passed,False,onnx,kitti,NANO,006678.png,10,11,9,0,0,0,0,0,0
passed,False,onnx,kitti,NANO,006679.png,8,9,6,0,0,0,0,0,0
passed,False,onnx,kitti,NANO,006680.png,2,0,0,0,0,0,0,0,0
passed,False,onnx,kitti,NANO,006681.png,3,1,1,0,0,0,0,0,0
passed,False,onnx,kitti,NANO,006682.png,15,2,1,0,12,0,7,0,5
passed,False,onnx,kitti,NANO,006683.png,2,1,1,0,0,0,0,0,0
passed,False,onnx,kitti,NANO,006684.png,7,8,4,0,0,0,0,0,0
passed,False,onnx,kitti,NANO,006685.png,1,1,1,1,1,1,1,0,0
passed,False,onnx,kitti,NANO,006686.png,4,2,2,0,0,0,0,0,0
passed,False,onnx,kitti,NANO,006687.png,5,4,3,0,0,0,0,0,0
passed,False,onnx,kitti,NANO,006688.png,2,2,2,0,0,0,0,0,0
passed,False,onnx,kitti,NANO,006689.png,6,5,1,0,0,0,0,0,0
passed,False,onnx,kitti,NANO,006690.png,4,2,2,0,1,0,0,0,1
passed,False,onnx,kitti,NANO,006691.png,1,1,1,0,0,0,0,0,0
passed,False,onnx,kitti,NANO,006692.png,7,5,5,0,0,0,0,0,0
passed,False,onnx,kitti,NANO,006693.png,2,1,1,0,0,0,0,0,0
passed,False,onnx,kitti,NANO,006694.png,6,6,5,0,0,0,0,0,0
passed,False,onnx,kitti,NANO,006695.png,10,4,3,0,2,0,0,0,2
passed,False,onnx,kitti,NANO,006696.png,3,2,1,0,1,0,0,0,1
passed,False,onnx,kitti,NANO,006697.png,1,0,0,0,0,0,0,0,0
passed,False,onnx,kitti,NANO,006698.png,2,0,0,0,0,0,0,0,0
passed,False,onnx,kitti,NANO,006699.png,5,6,3,0,0,0,0,0,0
passed,False,onnx,kitti,NANO,006700.png,2,1,1,0,1,0,1,0,0
passed,False,onnx,kitti,NANO,006701.png,1,0,0,0,0,0,0,0,0
passed,False,onnx,kitti,NANO,006702.png,3,4,3,0,0,0,0,0,0
passed,False,onnx,kitti,NANO,006703.png,9,4,3,2,7,2,7,0,0
passed,False,onnx,kitti,NANO,006704.png,6,0,0,0,6,0,5,0,1
passed,False,onnx,kitti,NANO,006705.png,2,1,1,0,0,0,0,0,0
passed,False,onnx,kitti,NANO,006706.png,2,2,2,0,0,0,0,0,0
passed,False,onnx,kitti,NANO,006707.png,6,8,5,0,0,0,0,0,0
passed,False,onnx,kitti,NANO,006708.png,3,2,2,0,0,0,0,0,0
passed,False,onnx,kitti,NANO,006709.png,1,2,1,0,0,0,0,0,0
passed,False,onnx,kitti,NANO,006710.png,7,7,4,0,0,0,0,0,0
passed,False,onnx,kitti,NANO,006711.png,1,1,0,0,0,0,0,0,0
passed,False,onnx,kitti,NANO,006712.png,4,0,0,0,0,0,0,0,0
passed,False,onnx,kitti,NANO,006713.png,4,1,1,0,0,0,0,0,0
passed,False,onnx,kitti,NANO,006714.png,4,0,0,0,0,0,0,0,0
passed,False,onnx,kitti,NANO,006715.png,3,1,1,0,0,0,0,0,0
passed,False,onnx,kitti,NANO,006716.png,2,0,0,0,0,0,0,0,0
passed,False,onnx,kitti,NANO,006717.png,5,3,2,0,1,0,0,0,1
passed,False,onnx,kitti,NANO,006718.png,8,5,4,0,0,0,0,0,0
passed,False,onnx,kitti,NANO,006719.png,3,6,3,0,0,0,0,0,0
passed,False,onnx,kitti,NANO,006720.png,3,5,3,0,0,0,0,0,0
passed,False,onnx,kitti,NANO,006721.png,14,11,5,0,0,0,0,0,0
passed,False,onnx,kitti,NANO,006722.png,1,1,0,0,1,0,1,0,0
passed,False,onnx,kitti,NANO,006723.png,5,2,2,0,0,0,0,0,0
passed,False,onnx,kitti,NANO,006724.png,4,6,4,0,0,0,0,0,0
passed,False,onnx,kitti,NANO,006725.png,7,5,4,0,0,0,0,0,0
passed,False,onnx,kitti,NANO,006726.png,7,4,3,0,0,0,0,0,0
passed,False,onnx,kitti,NANO,006727.png,2,2,1,0,0,0,0,0,0
passed,False,onnx,kitti,NANO,006728.png,10,8,4,0,4,0,4,0,0
passed,False,onnx,kitti,NANO,006729.png,3,1,1,0,0,0,0,0,0
passed,False,onnx,kitti,NANO,006730.png,1,1,1,0,0,0,0,0,0
passed,False,onnx,kitti,NANO,006731.png,8,5,5,0,0,0,0,0,0
passed,False,onnx,kitti,NANO,006732.png,1,1,1,0,0,0,0,0,0
passed,False,onnx,kitti,NANO,006733.png,11,8,5,0,0,0,0,0,0
passed,False,onnx,kitti,NANO,006734.png,6,4,1,0,3,0,0,0,3
passed,False,onnx,kitti,NANO,006735.png,4,2,2,0,0,0,0,0,0
passed,False,onnx,kitti,NANO,006736.png,6,3,2,0,0,0,0,0,0
passed,False,onnx,kitti,NANO,006737.png,5,0,0,0,1,0,0,0,1
passed,False,onnx,kitti,NANO,006738.png,4,1,1,0,0,0,0,0,0
passed,False,onnx,kitti,NANO,006739.png,2,1,1,0,0,0,0,0,0
passed,False,onnx,kitti,NANO,006740.png,3,3,3,0,0,0,0,0,0
passed,False,onnx,kitti,NANO,006741.png,3,0,0,0,1,0,0,0,1
passed,False,onnx,kitti,NANO,006742.png,3,1,1,0,0,0,0,0,0
passed,False,onnx,kitti,NANO,006743.png,6,1,1,0,0,0,0,0,0
passed,False,onnx,kitti,NANO,006744.png,4,0,0,0,2,0,2,0,0
passed,False,onnx,kitti,NANO,006745.png,5,4,2,0,3,0,2,0,1
passed,False,onnx,kitti,NANO,006746.png,8,10,5,0,0,0,0,0,0
passed,False,onnx,kitti,NANO,006747.png,4,0,0,0,0,0,0,0,0
passed,False,onnx,kitti,NANO,006748.png,2,2,1,0,0,0,0,0,0
passed,False,onnx,kitti,NANO,006749.png,11,3,3,3,10,3,8,0,2
passed,False,onnx,kitti,NANO,006750.png,4,4,3,0,1,0,0,0,1
passed,False,onnx,kitti,NANO,006751.png,5,3,3,0,0,0,0,0,0
passed,False,onnx,kitti,NANO,006752.png,10,6,5,0,3,0,3,0,0
passed,False,onnx,kitti,NANO,006753.png,7,9,3,0,0,0,0,0,0
passed,False,onnx,kitti,NANO,006754.png,7,5,4,0,0,0,0,0,0
passed,False,onnx,kitti,NANO,006755.png,6,5,4,0,0,0,0,0,0
passed,False,onnx,kitti,NANO,006756.png,6,4,1,0,0,0,0,0,0
passed,False,onnx,kitti,NANO,006757.png,6,2,2,0,0,0,0,0,0
passed,False,onnx,kitti,NANO,006758.png,5,4,2,0,0,0,0,0,0
passed,False,onnx,kitti,NANO,006759.png,2,0,0,0,0,0,0,0,0
passed,False,onnx,kitti,NANO,006760.png,4,1,1,0,1,0,0,0,1
passed,False,onnx,kitti,NANO,006761.png,8,6,3,2,5,2,3,0,2
passed,False,onnx,kitti,NANO,006762.png,4,0,0,0,1,0,1,0,0
passed,False,onnx,kitti,NANO,006763.png,2,1,1,0,0,0,0,0,0
passed,False,onnx,kitti,NANO,006764.png,6,5,4,0,0,0,0,0,0
passed,False,onnx,kitti,NANO,006765.png,11,7,5,0,3,0,3,0,0
passed,False,onnx,kitti,NANO,006766.png,8,4,4,0,1,0,1,0,0
passed,False,onnx,kitti,NANO,006767.png,3,1,1,0,0,0,0,0,0
passed,False,onnx,kitti,NANO,006768.png,8,6,4,4,6,4,6,0,0
passed,False,onnx,kitti,NANO,006769.png,7,4,1,0,0,0,0,0,0
passed,False,onnx,kitti,NANO,006770.png,6,4,4,0,0,0,0,0,0
passed,False,onnx,kitti,NANO,006771.png,4,0,0,0,2,0,0,0,2
passed,False,onnx,kitti,NANO,006772.png,6,4,4,0,0,0,0,0,0
passed,False,onnx,kitti,NANO,006773.png,3,2,1,0,0,0,0,0,0
passed,False,onnx,kitti,NANO,006774.png,2,0,0,0,0,0,0,0,0
passed,False,onnx,kitti,NANO,006775.png,8,8,5,0,0,0,0,0,0
passed,False,onnx,kitti,NANO,006776.png,2,1,1,0,1,0,0,0,1
passed,False,onnx,kitti,NANO,006777.png,2,1,1,0,1,0,1,0,0
passed,False,onnx,kitti,NANO,006778.png,5,4,3,0,1,0,0,0,1
passed,False,onnx,kitti,NANO,006779.png,11,3,3,0,1,0,1,0,0
passed,False,onnx,kitti,NANO,006780.png,13,4,4,0,0,0,0,0,0
passed,False,onnx,kitti,NANO,006781.png,8,7,5,0,0,0,0,0,0
passed,False,onnx,kitti,NANO,006782.png,5,1,0,0,0,0,0,0,0
passed,False,onnx,kitti,NANO,006783.png,16,7,7,0,1,0,0,0,1
passed,False,onnx,kitti,NANO,006784.png,1,0,0,0,0,0,0,0,0
passed,False,onnx,kitti,NANO,006785.png,7,2,1,0,5,0,3,0,2
passed,False,onnx,kitti,NANO,006786.png,2,0,0,0,0,0,0,0,0
passed,False,onnx,kitti,NANO,006787.png,6,3,2,0,0,0,0,0,0
passed,False,onnx,kitti,NANO,006788.png,7,5,3,0,0,0,0,0,0
passed,False,onnx,kitti,NANO,006789.png,8,5,2,0,0,0,0,0,0
passed,False,onnx,kitti,NANO,006790.png,1,0,0,0,0,0,0,0,0
passed,False,onnx,kitti,NANO,006791.png,6,1,1,0,0,0,0,0,0
passed,False,onnx,kitti,NANO,006792.png,2,1,1,0,0,0,0,0,0
passed,False,onnx,kitti,NANO,006793.png,2,0,0,0,0,0,0,0,0
passed,False,onnx,kitti,NANO,006794.png,2,0,0,0,0,0,0,0,0
passed,False,onnx,kitti,NANO,006795.png,1,1,0,0,1,0,1,0,0
passed,False,onnx,kitti,NANO,006796.png,4,2,2,0,0,0,0,0,0
passed,False,onnx,kitti,NANO,006797.png,1,1,1,0,0,0,0,0,0
passed,False,onnx,kitti,NANO,006798.png,10,10,7,0,1,0,1,0,0
passed,False,onnx,kitti,NANO,006799.png,1,1,1,1,1,1,1,0,0
passed,False,onnx,kitti,NANO,006800.png,7,5,3,2,5,2,5,0,0
passed,False,onnx,kitti,NANO,006801.png,17,6,3,3,13,3,12,0,1
passed,False,onnx,kitti,NANO,006802.png,3,2,1,0,1,0,0,0,1
passed,False,onnx,kitti,NANO,006803.png,2,1,1,0,0,0,0,0,0
passed,False,onnx,kitti,NANO,006804.png,1,1,1,1,1,1,1,0,0
passed,False,onnx,kitti,NANO,006805.png,9,7,6,0,0,0,0,0,0
passed,False,onnx,kitti,NANO,006806.png,3,2,2,0,0,0,0,0,0
passed,False,onnx,kitti,NANO,006807.png,1,1,1,1,1,1,1,0,0
passed,False,onnx,kitti,NANO,006808.png,4,3,3,0,0,0,0,0,0
passed,False,onnx,kitti,NANO,006809.png,2,3,1,0,1,0,1,0,0
passed,False,onnx,kitti,NANO,006810.png,9,9,4,0,1,0,1,0,0
passed,False,onnx,kitti,NANO,006811.png,3,2,2,0,0,0,0,0,0
passed,False,onnx,kitti,NANO,006812.png,3,2,1,0,0,0,0,0,0
passed,False,onnx,kitti,NANO,006813.png,13,2,1,0,11,0,7,0,4
passed,False,onnx,kitti,NANO,006814.png,11,8,6,0,2,0,2,0,0
passed,False,onnx,kitti,NANO,006815.png,2,4,2,0,0,0,0,0,0
passed,False,onnx,kitti,NANO,006816.png,1,0,0,0,0,0,0,0,0
passed,False,onnx,kitti,NANO,006817.png,7,3,2,0,0,0,0,0,0
passed,False,onnx,kitti,NANO,006818.png,4,3,2,0,2,0,2,0,0
passed,False,onnx,kitti,NANO,006819.png,2,1,0,0,1,0,0,0,1
passed,False,onnx,kitti,NANO,006820.png,11,8,6,0,0,0,0,0,0
passed,False,onnx,kitti,NANO,006821.png,2,0,0,0,0,0,0,0,0
passed,False,onnx,kitti,NANO,006822.png,7,9,4,1,1,1,1,0,0
passed,False,onnx,kitti,NANO,006823.png,3,0,0,0,0,0,0,0,0
passed,False,onnx,kitti,NANO,006824.png,5,0,0,0,0,0,0,0,0
passed,False,onnx,kitti,NANO,006825.png,3,2,1,1,3,1,3,0,0
passed,False,onnx,kitti,NANO,006826.png,4,1,1,0,0,0,0,0,0
passed,False,onnx,kitti,NANO,006827.png,2,3,1,0,1,0,1,0,0
passed,False,onnx,kitti,NANO,006828.png,8,5,1,1,8,1,6,0,2
passed,False,onnx,kitti,NANO,006829.png,4,5,3,0,0,0,0,0,0
passed,False,onnx,kitti,NANO,006830.png,1,1,1,1,1,1,1,0,0
passed,False,onnx,kitti,NANO,006831.png,7,1,1,0,0,0,0,0,0
passed,False,onnx,kitti,NANO,006832.png,9,2,1,1,5,1,5,0,0
passed,False,onnx,kitti,NANO,006833.png,20,13,9,0,1,0,0,0,1
passed,False,onnx,kitti,NANO,006834.png,7,0,0,0,0,0,0,0,0
passed,False,onnx,kitti,NANO,006835.png,6,3,3,2,4,2,3,0,1
passed,False,onnx,kitti,NANO,006836.png,4,2,2,0,0,0,0,0,0
passed,False,onnx,kitti,NANO,006837.png,5,1,1,0,2,0,0,0,2
passed,False,onnx,kitti,NANO,006838.png,7,3,1,0,1,0,0,0,1
passed,False,onnx,kitti,NANO,006839.png,2,1,1,0,0,0,0,0,0
passed,False,onnx,kitti,NANO,006840.png,4,2,2,0,0,0,0,0,0
passed,False,onnx,kitti,NANO,006841.png,3,0,0,0,0,0,0,0,0
passed,False,onnx,kitti,NANO,006842.png,11,2,2,0,2,0,1,0,1
passed,False,onnx,kitti,NANO,006843.png,9,10,4,0,2,0,0,0,2
passed,False,onnx,kitti,NANO,006844.png,9,4,3,0,0,0,0,0,0
passed,False,onnx,kitti,NANO,006845.png,10,10,6,0,0,0,0,0,0
passed,False,onnx,kitti,NANO,006846.png,7,5,4,0,0,0,0,0,0
passed,False,onnx,kitti,NANO,006847.png,7,4,3,3,6,3,6,0,0
passed,False,onnx,kitti,NANO,006848.png,4,4,2,0,0,0,0,0,0
passed,False,onnx,kitti,NANO,006849.png,5,0,0,0,1,0,0,0,1
passed,False,onnx,kitti,NANO,006850.png,2,2,2,0,0,0,0,0,0
passed,False,onnx,kitti,NANO,006851.png,4,1,1,0,0,0,0,0,0
passed,False,onnx,kitti,NANO,006852.png,3,0,0,0,0,0,0,0,0
passed,False,onnx,kitti,NANO,006853.png,8,6,4,0,0,0,0,0,0
passed,False,onnx,kitti,NANO,006854.png,5,2,2,0,0,0,0,0,0
passed,False,onnx,kitti,NANO,006855.png,3,0,0,0,0,0,0,0,0
passed,False,onnx,kitti,NANO,006856.png,5,6,2,0,0,0,0,0,0
passed,False,onnx,kitti,NANO,006857.png,5,2,1,0,0,0,0,0,0
passed,False,onnx,kitti,NANO,006858.png,5,6,3,0,0,0,0,0,0
passed,False,onnx,kitti,NANO,006859.png,9,2,1,0,2,0,1,0,1
passed,False,onnx,kitti,NANO,006860.png,1,1,1,0,0,0,0,0,0
passed,False,onnx,kitti,NANO,006861.png,1,2,1,1,1,1,1,0,0
passed,False,onnx,kitti,NANO,006862.png,9,8,6,0,0,0,0,0,0
passed,False,onnx,kitti,NANO,006863.png,5,4,3,0,0,0,0,0,0
passed,False,onnx,kitti,NANO,006864.png,10,8,4,0,0,0,0,0,0
passed,False,onnx,kitti,NANO,006865.png,1,0,0,0,0,0,0,0,0
passed,False,onnx,kitti,NANO,006866.png,6,13,6,0,0,0,0,0,0
passed,False,onnx,kitti,NANO,006867.png,7,5,5,0,0,0,0,0,0
passed,False,onnx,kitti,NANO,006868.png,6,8,4,0,0,0,0,0,0
passed,False,onnx,kitti,NANO,006869.png,4,3,2,0,0,0,0,0,0
passed,False,onnx,kitti,NANO,006870.png,8,4,4,0,0,0,0,0,0
passed,False,onnx,kitti,NANO,006871.png,5,4,3,0,0,0,0,0,0
passed,False,onnx,kitti,NANO,006872.png,7,3,1,1,6,1,6,0,0
passed,False,onnx,kitti,NANO,006873.png,1,0,0,0,1,0,1,0,0
passed,False,onnx,kitti,NANO,006874.png,3,1,1,0,0,0,0,0,0
passed,False,onnx,kitti,NANO,006875.png,2,0,0,0,0,0,0,0,0
passed,False,onnx,kitti,NANO,006876.png,3,1,1,0,0,0,0,0,0
passed,False,onnx,kitti,NANO,006877.png,6,1,1,0,0,0,0,0,0
passed,False,onnx,kitti,NANO,006878.png,5,8,4,4,5,4,4,0,1
passed,False,onnx,kitti,NANO,006879.png,9,8,2,0,1,0,0,0,1
passed,False,onnx,kitti,NANO,006880.png,2,1,1,0,0,0,0,0,0
passed,False,onnx,kitti,NANO,006881.png,6,3,2,1,2,1,2,0,0
passed,False,onnx,kitti,NANO,006882.png,5,2,2,0,1,0,0,0,1
passed,False,onnx,kitti,NANO,006883.png,3,3,3,0,0,0,0,0,0
passed,False,onnx,kitti,NANO,006884.png,2,0,0,0,0,0,0,0,0
passed,False,onnx,kitti,NANO,006885.png,7,4,2,0,0,0,0,0,0
passed,False,onnx,kitti,NANO,006886.png,10,1,1,0,2,0,1,0,1
passed,False,onnx,kitti,NANO,006887.png,4,0,0,0,1,0,0,0,1
passed,False,onnx,kitti,NANO,006888.png,2,1,1,0,0,0,0,0,0
passed,False,onnx,kitti,NANO,006889.png,9,6,4,0,0,0,0,0,0
passed,False,onnx,kitti,NANO,006890.png,2,0,0,0,0,0,0,0,0
passed,False,onnx,kitti,NANO,006891.png,3,2,2,0,0,0,0,0,0
passed,False,onnx,kitti,NANO,006892.png,1,1,1,1,1,1,1,0,0
passed,False,onnx,kitti,NANO,006893.png,1,0,0,0,0,0,0,0,0
passed,False,onnx,kitti,NANO,006894.png,11,1,0,0,11,0,9,0,2
passed,False,onnx,kitti,NANO,006895.png,5,4,3,0,0,0,0,0,0
passed,False,onnx,kitti,NANO,006896.png,2,2,1,0,0,0,0,0,0
passed,False,onnx,kitti,NANO,006897.png,9,7,7,0,0,0,0,0,0
passed,False,onnx,kitti,NANO,006898.png,1,0,0,0,0,0,0,0,0
passed,False,onnx,kitti,NANO,006899.png,3,2,2,0,0,0,0,0,0
passed,False,onnx,kitti,NANO,006900.png,1,0,0,0,0,0,0,0,0
passed,False,onnx,kitti,NANO,006901.png,1,1,0,0,0,0,0,0,0
passed,False,onnx,kitti,NANO,006902.png,11,8,7,0,0,0,0,0,0
passed,False,onnx,kitti,NANO,006903.png,1,1,0,0,1,0,1,0,0
passed,False,onnx,kitti,NANO,006904.png,11,5,4,0,1,0,1,0,0
passed,False,onnx,kitti,NANO,006905.png,2,1,1,0,0,0,0,0,0
passed,False,onnx,kitti,NANO,006906.png,3,1,0,0,0,0,0,0,0
passed,False,onnx,kitti,NANO,006907.png,5,2,1,0,0,0,0,0,0
passed,False,onnx,kitti,NANO,006908.png,9,7,4,3,8,3,7,0,1
passed,False,onnx,kitti,NANO,006909.png,5,2,1,0,0,0,0,0,0
passed,False,onnx,kitti,NANO,006910.png,9,6,4,2,2,2,2,0,0
passed,False,onnx,kitti,NANO,006911.png,8,3,3,1,1,1,1,0,0
passed,False,onnx,kitti,NANO,006912.png,3,3,1,0,1,0,0,0,1
passed,False,onnx,kitti,NANO,006913.png,4,1,1,0,0,0,0,0,0
passed,False,onnx,kitti,NANO,006914.png,4,3,3,0,0,0,0,0,0
passed,False,onnx,kitti,NANO,006915.png,3,3,2,0,0,0,0,0,0
passed,False,onnx,kitti,NANO,006916.png,4,4,3,1,2,1,1,0,1
passed,False,onnx,kitti,NANO,006917.png,5,9,3,0,0,0,0,0,0
passed,False,onnx,kitti,NANO,006918.png,2,1,1,0,0,0,0,0,0
passed,False,onnx,kitti,NANO,006919.png,5,3,2,0,3,0,0,0,3
passed,False,onnx,kitti,NANO,006920.png,6,5,4,0,0,0,0,0,0
passed,False,onnx,kitti,NANO,006921.png,2,1,0,0,0,0,0,0,0
passed,False,onnx,kitti,NANO,006922.png,10,17,7,0,0,0,0,0,0
passed,False,onnx,kitti,NANO,006923.png,6,3,3,0,1,0,0,0,1
passed,False,onnx,kitti,NANO,006924.png,1,0,0,0,0,0,0,0,0
passed,False,onnx,kitti,NANO,006925.png,9,4,2,2,8,2,8,0,0
passed,False,onnx,kitti,NANO,006926.png,15,13,7,1,2,1,2,0,0
passed,False,onnx,kitti,NANO,006927.png,7,6,4,0,0,0,0,0,0
passed,False,onnx,kitti,NANO,006928.png,9,5,4,0,0,0,0,0,0
passed,False,onnx,kitti,NANO,006929.png,11,4,2,0,1,0,1,0,0
passed,False,onnx,kitti,NANO,006930.png,2,0,0,0,0,0,0,0,0
passed,False,onnx,kitti,NANO,006931.png,1,0,0,0,0,0,0,0,0
passed,False,onnx,kitti,NANO,006932.png,16,12,7,1,1,1,1,0,0
passed,False,onnx,kitti,NANO,006933.png,3,3,2,0,0,0,0,0,0
passed,False,onnx,kitti,NANO,006934.png,1,1,0,0,0,0,0,0,0
passed,False,onnx,kitti,NANO,006935.png,3,3,3,3,3,3,3,0,0
passed,False,onnx,kitti,NANO,006936.png,6,7,4,0,0,0,0,0,0
passed,False,onnx,kitti,NANO,006937.png,10,4,4,4,8,4,8,0,0
passed,False,onnx,kitti,NANO,006938.png,2,3,2,0,0,0,0,0,0
passed,False,onnx,kitti,NANO,006939.png,5,5,4,0,0,0,0,0,0
passed,False,onnx,kitti,NANO,006940.png,3,1,1,0,0,0,0,0,0
passed,False,onnx,kitti,NANO,006941.png,1,1,1,1,1,1,1,0,0
passed,False,onnx,kitti,NANO,006942.png,13,10,8,0,1,0,0,0,1
passed,False,onnx,kitti,NANO,006943.png,8,6,4,0,0,0,0,0,0
passed,False,onnx,kitti,NANO,006944.png,6,3,2,0,0,0,0,0,0
passed,False,onnx,kitti,NANO,006945.png,6,2,2,0,0,0,0,0,0
passed,False,onnx,kitti,NANO,006946.png,2,3,1,0,0,0,0,0,0
passed,False,onnx,kitti,NANO,006947.png,1,1,0,0,0,0,0,0,0
passed,False,onnx,kitti,NANO,006948.png,8,6,3,0,0,0,0,0,0
passed,False,onnx,kitti,NANO,006949.png,2,1,0,0,0,0,0,0,0
passed,False,onnx,kitti,NANO,006950.png,7,3,3,0,0,0,0,0,0
passed,False,onnx,kitti,NANO,006951.png,1,0,0,0,1,0,1,0,0
passed,False,onnx,kitti,NANO,006952.png,14,9,6,0,1,0,1,0,0
passed,False,onnx,kitti,NANO,006953.png,8,8,4,0,0,0,0,0,0
passed,False,onnx,kitti,NANO,006954.png,4,1,1,0,0,0,0,0,0
passed,False,onnx,kitti,NANO,006955.png,1,1,1,1,1,1,1,0,0
passed,False,onnx,kitti,NANO,006956.png,5,3,1,0,0,0,0,0,0
passed,False,onnx,kitti,NANO,006957.png,7,3,1,0,4,0,4,0,0
passed,False,onnx,kitti,NANO,006958.png,6,5,2,0,0,0,0,0,0
passed,False,onnx,kitti,NANO,006959.png,4,6,3,0,0,0,0,0,0
passed,False,onnx,kitti,NANO,006960.png,8,5,4,0,0,0,0,0,0
passed,False,onnx,kitti,NANO,006961.png,6,5,3,0,0,0,0,0,0
passed,False,onnx,kitti,NANO,006962.png,4,0,0,0,2,0,0,0,2
passed,False,onnx,kitti,NANO,006963.png,6,0,0,0,0,0,0,0,0
passed,False,onnx,kitti,NANO,006964.png,4,0,0,0,0,0,0,0,0
passed,False,onnx,kitti,NANO,006965.png,2,2,2,0,0,0,0,0,0
passed,False,onnx,kitti,NANO,006966.png,2,0,0,0,0,0,0,0,0
passed,False,onnx,kitti,NANO,006967.png,6,1,1,0,0,0,0,0,0
passed,False,onnx,kitti,NANO,006968.png,8,5,2,0,1,0,1,0,0
passed,False,onnx,kitti,NANO,006969.png,3,1,1,1,3,1,3,0,0
passed,False,onnx,kitti,NANO,006970.png,7,2,2,0,0,0,0,0,0
passed,False,onnx,kitti,NANO,006971.png,4,0,0,0,4,0,2,0,2
passed,False,onnx,kitti,NANO,006972.png,5,6,4,0,0,0,0,0,0
passed,False,onnx,kitti,NANO,006973.png,5,4,3,0,0,0,0,0,0
passed,False,onnx,kitti,NANO,006974.png,2,0,0,0,0,0,0,0,0
passed,False,onnx,kitti,NANO,006975.png,3,1,1,0,0,0,0,0,0
passed,False,onnx,kitti,NANO,006976.png,1,0,0,0,0,0,0,0,0
passed,False,onnx,kitti,NANO,006977.png,2,0,0,0,0,0,0,0,0
passed,False,onnx,kitti,NANO,006978.png,5,2,1,0,0,0,0,0,0
passed,False,onnx,kitti,NANO,006979.png,7,5,4,0,0,0,0,0,0
passed,False,onnx,kitti,NANO,006980.png,14,4,1,1,14,1,13,0,1
passed,False,onnx,kitti,NANO,006981.png,1,0,0,0,0,0,0,0,0
passed,False,onnx,kitti,NANO,006982.png,6,2,2,0,0,0,0,0,0
passed,False,onnx,kitti,NANO,006983.png,6,6,4,0,0,0,0,0,0
passed,False,onnx,kitti,NANO,006984.png,6,1,1,0,0,0,0,0,0
passed,False,onnx,kitti,NANO,006985.png,7,2,1,0,1,0,1,0,0
passed,False,onnx,kitti,NANO,006986.png,1,0,0,0,0,0,0,0,0
passed,False,onnx,kitti,NANO,006987.png,6,5,4,0,0,0,0,0,0
passed,False,onnx,kitti,NANO,006988.png,2,2,2,0,0,0,0,0,0
passed,False,onnx,kitti,NANO,006989.png,5,6,3,0,0,0,0,0,0
passed,False,onnx,kitti,NANO,006990.png,7,5,4,0,0,0,0,0,0
passed,False,onnx,kitti,NANO,006991.png,6,3,3,0,0,0,0,0,0
passed,False,onnx,kitti,NANO,006992.png,13,9,6,0,0,0,0,0,0
passed,False,onnx,kitti,NANO,006993.png,7,2,2,0,0,0,0,0,0
passed,False,onnx,kitti,NANO,006994.png,4,1,1,1,3,1,3,0,0
passed,False,onnx,kitti,NANO,006995.png,6,3,3,0,0,0,0,0,0
passed,False,onnx,kitti,NANO,006996.png,5,4,2,0,0,0,0,0,0
passed,False,onnx,kitti,NANO,006997.png,5,3,1,1,2,1,1,0,1
passed,False,onnx,kitti,NANO,006998.png,5,2,2,0,0,0,0,0,0
passed,False,onnx,kitti,NANO,006999.png,2,1,1,0,0,0,0,0,0
passed,False,onnx,kitti,NANO,007000.png,9,5,5,0,2,0,0,0,2
passed,False,onnx,kitti,NANO,007001.png,4,0,0,0,0,0,0,0,0
passed,False,onnx,kitti,NANO,007002.png,3,1,1,0,0,0,0,0,0
passed,False,onnx,kitti,NANO,007003.png,9,8,2,0,0,0,0,0,0
passed,False,onnx,kitti,NANO,007004.png,6,3,2,0,2,0,2,0,0
passed,False,onnx,kitti,NANO,007005.png,9,6,5,0,0,0,0,0,0
passed,False,onnx,kitti,NANO,007006.png,4,3,2,0,1,0,0,0,1
passed,False,onnx,kitti,NANO,007007.png,7,0,0,0,0,0,0,0,0
passed,False,onnx,kitti,NANO,007008.png,3,1,1,0,0,0,0,0,0
passed,False,onnx,kitti,NANO,007009.png,1,0,0,0,0,0,0,0,0
passed,False,onnx,kitti,NANO,007010.png,4,5,3,0,0,0,0,0,0
passed,False,onnx,kitti,NANO,007011.png,10,6,6,0,0,0,0,0,0
passed,False,onnx,kitti,NANO,007012.png,5,4,3,0,0,0,0,0,0
passed,False,onnx,kitti,NANO,007013.png,7,6,2,0,0,0,0,0,0
passed,False,onnx,kitti,NANO,007014.png,9,6,5,0,0,0,0,0,0
passed,False,onnx,kitti,NANO,007015.png,10,4,2,0,0,0,0,0,0
passed,False,onnx,kitti,NANO,007016.png,7,4,2,2,4,2,2,0,2
passed,False,onnx,kitti,NANO,007017.png,1,2,1,1,1,1,1,0,0
passed,False,onnx,kitti,NANO,007018.png,6,6,2,2,6,2,4,0,2
passed,False,onnx,kitti,NANO,007019.png,8,5,4,0,0,0,0,0,0
passed,False,onnx,kitti,NANO,007020.png,5,4,3,0,0,0,0,0,0
passed,False,onnx,kitti,NANO,007021.png,7,3,3,0,3,0,0,0,3
passed,False,onnx,kitti,NANO,007022.png,6,4,4,0,0,0,0,0,0
passed,False,onnx,kitti,NANO,007023.png,1,1,1,1,1,1,1,0,0
passed,False,onnx,kitti,NANO,007024.png,2,1,1,0,0,0,0,0,0
passed,False,onnx,kitti,NANO,007025.png,2,1,1,0,0,0,0,0,0
passed,False,onnx,kitti,NANO,007026.png,9,7,5,0,0,0,0,0,0
passed,False,onnx,kitti,NANO,007027.png,6,5,3,0,0,0,0,0,0
passed,False,onnx,kitti,NANO,007028.png,5,3,3,0,0,0,0,0,0
passed,False,onnx,kitti,NANO,007029.png,6,5,3,0,0,0,0,0,0
passed,False,onnx,kitti,NANO,007030.png,2,4,1,0,0,0,0,0,0
passed,False,onnx,kitti,NANO,007031.png,9,3,3,0,0,0,0,0,0
passed,False,onnx,kitti,NANO,007032.png,5,4,3,0,0,0,0,0,0
passed,False,onnx,kitti,NANO,007033.png,6,4,3,0,1,0,0,0,1
passed,False,onnx,kitti,NANO,007034.png,5,3,2,0,1,0,1,0,0
passed,False,onnx,kitti,NANO,007035.png,6,2,1,0,0,0,0,0,0
passed,False,onnx,kitti,NANO,007036.png,1,1,1,1,1,1,1,0,0
passed,False,onnx,kitti,NANO,007037.png,3,3,3,0,0,0,0,0,0
passed,False,onnx,kitti,NANO,007038.png,4,1,1,0,0,0,0,0,0
passed,False,onnx,kitti,NANO,007039.png,7,3,3,0,0,0,0,0,0
passed,False,onnx,kitti,NANO,007040.png,1,0,0,0,0,0,0,0,0
passed,False,onnx,kitti,NANO,007041.png,6,3,2,0,0,0,0,0,0
passed,False,onnx,kitti,NANO,007042.png,6,0,0,0,0,0,0,0,0
passed,False,onnx,kitti,NANO,007043.png,6,6,2,0,0,0,0,0,0
passed,False,onnx,kitti,NANO,007044.png,4,1,1,0,0,0,0,0,0
passed,False,onnx,kitti,NANO,007045.png,7,3,3,0,3,0,0,0,3
passed,False,onnx,kitti,NANO,007046.png,14,10,4,0,1,0,1,0,0
passed,False,onnx,kitti,NANO,007047.png,10,6,1,0,0,0,0,0,0
passed,False,onnx,kitti,NANO,007048.png,2,2,2,0,0,0,0,0,0
passed,False,onnx,kitti,NANO,007049.png,4,1,1,0,1,0,0,0,1
passed,False,onnx,kitti,NANO,007050.png,7,2,2,0,0,0,0,0,0
passed,False,onnx,kitti,NANO,007051.png,7,3,3,0,0,0,0,0,0
passed,False,onnx,kitti,NANO,007052.png,7,2,0,0,1,0,1,0,0
passed,False,onnx,kitti,NANO,007053.png,7,2,1,0,2,0,0,0,2
passed,False,onnx,kitti,NANO,007054.png,1,0,0,0,0,0,0,0,0
passed,False,onnx,kitti,NANO,007055.png,3,2,0,0,0,0,0,0,0
passed,False,onnx,kitti,NANO,007056.png,7,2,2,0,1,0,1,0,0
passed,False,onnx,kitti,NANO,007057.png,3,0,0,0,0,0,0,0,0
passed,False,onnx,kitti,NANO,007058.png,1,1,1,0,0,0,0,0,0
passed,False,onnx,kitti,NANO,007059.png,5,4,3,0,0,0,0,0,0
passed,False,onnx,kitti,NANO,007060.png,5,5,3,0,0,0,0,0,0
passed,False,onnx,kitti,NANO,007061.png,6,3,3,0,0,0,0,0,0
passed,False,onnx,kitti,NANO,007062.png,2,2,1,0,0,0,0,0,0
passed,False,onnx,kitti,NANO,007063.png,4,2,2,0,0,0,0,0,0
passed,False,onnx,kitti,NANO,007064.png,6,0,0,0,0,0,0,0,0
passed,False,onnx,kitti,NANO,007065.png,6,4,3,0,0,0,0,0,0
passed,False,onnx,kitti,NANO,007066.png,7,7,3,0,0,0,0,0,0
passed,False,onnx,kitti,NANO,007067.png,10,5,5,0,2,0,0,0,2
passed,False,onnx,kitti,NANO,007068.png,4,3,1,0,0,0,0,0,0
passed,False,onnx,kitti,NANO,007069.png,9,9,3,0,0,0,0,0,0
passed,False,onnx,kitti,NANO,007070.png,8,1,1,0,3,0,2,0,1
passed,False,onnx,kitti,NANO,007071.png,9,4,3,0,0,0,0,0,0
passed,False,onnx,kitti,NANO,007072.png,1,0,0,0,1,0,1,0,0
passed,False,onnx,kitti,NANO,007073.png,1,1,1,1,1,1,1,0,0
passed,False,onnx,kitti,NANO,007074.png,2,1,1,0,0,0,0,0,0
passed,False,onnx,kitti,NANO,007075.png,1,2,1,1,1,1,1,0,0
passed,False,onnx,kitti,NANO,007076.png,1,1,1,0,0,0,0,0,0
passed,False,onnx,kitti,NANO,007077.png,2,2,2,1,1,1,1,0,0
passed,False,onnx,kitti,NANO,007078.png,2,1,1,0,0,0,0,0,0
passed,False,onnx,kitti,NANO,007079.png,2,0,0,0,0,0,0,0,0
passed,False,onnx,kitti,NANO,007080.png,1,0,0,0,1,0,1,0,0
passed,False,onnx,kitti,NANO,007081.png,9,8,6,0,0,0,0,0,0
passed,False,onnx,kitti,NANO,007082.png,1,0,0,0,0,0,0,0,0
passed,False,onnx,kitti,NANO,007083.png,2,2,1,0,0,0,0,0,0
passed,False,onnx,kitti,NANO,007084.png,1,1,1,1,1,1,1,0,0
passed,False,onnx,kitti,NANO,007085.png,5,2,2,0,0,0,0,0,0
passed,False,onnx,kitti,NANO,007086.png,1,0,0,0,0,0,0,0,0
passed,False,onnx,kitti,NANO,007087.png,9,4,4,0,0,0,0,0,0
passed,False,onnx,kitti,NANO,007088.png,5,3,3,0,0,0,0,0,0
passed,False,onnx,kitti,NANO,007089.png,3,1,1,0,0,0,0,0,0
passed,False,onnx,kitti,NANO,007090.png,1,1,0,0,0,0,0,0,0
passed,False,onnx,kitti,NANO,007091.png,6,6,3,0,0,0,0,0,0
passed,False,onnx,kitti,NANO,007092.png,2,1,0,0,2,0,2,0,0
passed,False,onnx,kitti,NANO,007093.png,5,4,3,0,0,0,0,0,0
passed,False,onnx,kitti,NANO,007094.png,8,1,1,1,8,1,8,0,0
passed,False,onnx,kitti,NANO,007095.png,4,6,4,0,0,0,0,0,0
passed,False,onnx,kitti,NANO,007096.png,6,2,2,0,0,0,0,0,0
passed,False,onnx,kitti,NANO,007097.png,5,5,3,0,0,0,0,0,0
passed,False,onnx,kitti,NANO,007098.png,4,1,0,0,0,0,0,0,0
passed,False,onnx,kitti,NANO,007099.png,15,8,5,0,1,0,1,0,0
passed,False,onnx,kitti,NANO,007100.png,3,5,3,0,0,0,0,0,0
passed,False,onnx,kitti,NANO,007101.png,15,10,4,0,0,0,0,0,0
passed,False,onnx,kitti,NANO,007102.png,14,3,3,0,0,0,0,0,0
passed,False,onnx,kitti,NANO,007103.png,4,2,2,0,1,0,0,0,1
passed,False,onnx,kitti,NANO,007104.png,5,2,2,0,0,0,0,0,0
passed,False,onnx,kitti,NANO,007105.png,2,0,0,0,0,0,0,0,0
passed,False,onnx,kitti,NANO,007106.png,2,0,0,0,0,0,0,0,0
passed,False,onnx,kitti,NANO,007107.png,12,6,5,0,0,0,0,0,0
passed,False,onnx,kitti,NANO,007108.png,5,4,4,0,0,0,0,0,0
passed,False,onnx,kitti,NANO,007109.png,13,5,3,3,12,3,12,0,0
passed,False,onnx,kitti,NANO,007110.png,1,0,0,0,1,0,1,0,0
passed,False,onnx,kitti,NANO,007111.png,2,2,1,0,0,0,0,0,0
passed,False,onnx,kitti,NANO,007112.png,1,0,0,0,0,0,0,0,0
passed,False,onnx,kitti,NANO,007113.png,1,0,0,0,0,0,0,0,0
passed,False,onnx,kitti,NANO,007114.png,12,8,5,0,0,0,0,0,0
passed,False,onnx,kitti,NANO,007115.png,1,0,0,0,1,0,1,0,0
passed,False,onnx,kitti,NANO,007116.png,4,3,3,0,0,0,0,0,0
passed,False,onnx,kitti,NANO,007117.png,6,6,3,0,0,0,0,0,0
passed,False,onnx,kitti,NANO,007118.png,2,0,0,0,2,0,2,0,0
passed,False,onnx,kitti,NANO,007119.png,4,1,1,0,0,0,0,0,0
passed,False,onnx,kitti,NANO,007120.png,5,2,1,0,0,0,0,0,0
passed,False,onnx,kitti,NANO,007121.png,11,4,3,0,1,0,1,0,0
passed,False,onnx,kitti,NANO,007122.png,6,5,1,0,1,0,1,0,0
passed,False,onnx,kitti,NANO,007123.png,7,10,4,0,1,0,1,0,0
passed,False,onnx,kitti,NANO,007124.png,7,1,0,0,0,0,0,0,0
passed,False,onnx,kitti,NANO,007125.png,3,0,0,0,0,0,0,0,0
passed,False,onnx,kitti,NANO,007126.png,1,1,1,1,1,1,1,0,0
passed,False,onnx,kitti,NANO,007127.png,1,0,0,0,0,0,0,0,0
passed,False,onnx,kitti,NANO,007128.png,6,2,1,0,0,0,0,0,0
passed,False,onnx,kitti,NANO,007129.png,7,3,1,1,7,1,5,0,2
passed,False,onnx,kitti,NANO,007130.png,4,3,2,0,1,0,0,0,1
passed,False,onnx,kitti,NANO,007131.png,9,6,4,0,0,0,0,0,0
passed,False,onnx,kitti,NANO,007132.png,10,5,5,0,1,0,0,0,1
passed,False,onnx,kitti,NANO,007133.png,2,1,0,0,0,0,0,0,0
passed,False,onnx,kitti,NANO,007134.png,6,3,3,0,0,0,0,0,0
passed,False,onnx,kitti,NANO,007135.png,7,6,4,0,1,0,1,0,0
passed,False,onnx,kitti,NANO,007136.png,9,7,5,4,7,4,7,0,0
passed,False,onnx,kitti,NANO,007137.png,11,11,8,0,0,0,0,0,0
passed,False,onnx,kitti,NANO,007138.png,7,7,5,0,0,0,0,0,0
passed,False,onnx,kitti,NANO,007139.png,6,4,4,0,0,0,0,0,0
passed,False,onnx,kitti,NANO,007140.png,5,2,2,0,0,0,0,0,0
passed,False,onnx,kitti,NANO,007141.png,2,1,1,0,0,0,0,0,0
passed,False,onnx,kitti,NANO,007142.png,7,6,1,0,0,0,0,0,0
passed,False,onnx,kitti,NANO,007143.png,2,1,1,0,0,0,0,0,0
passed,False,onnx,kitti,NANO,007144.png,4,1,1,0,0,0,0,0,0
passed,False,onnx,kitti,NANO,007145.png,6,2,1,0,0,0,0,0,0
passed,False,onnx,kitti,NANO,007146.png,3,1,1,0,0,0,0,0,0
passed,False,onnx,kitti,NANO,007147.png,4,3,2,0,1,0,0,0,1
passed,False,onnx,kitti,NANO,007148.png,5,5,4,0,0,0,0,0,0
passed,False,onnx,kitti,NANO,007149.png,8,4,2,0,1,0,1,0,0
passed,False,onnx,kitti,NANO,007150.png,1,0,0,0,1,0,1,0,0
passed,False,onnx,kitti,NANO,007151.png,11,7,6,0,0,0,0,0,0
passed,False,onnx,kitti,NANO,007152.png,3,1,1,0,0,0,0,0,0
passed,False,onnx,kitti,NANO,007153.png,6,5,3,0,0,0,0,0,0
passed,False,onnx,kitti,NANO,007154.png,1,1,1,1,1,1,1,0,0
passed,False,onnx,kitti,NANO,007155.png,1,1,1,0,0,0,0,0,0
passed,False,onnx,kitti,NANO,007156.png,12,10,5,0,2,0,2,0,0
passed,False,onnx,kitti,NANO,007157.png,4,1,1,1,1,1,1,0,0
passed,False,onnx,kitti,NANO,007158.png,2,0,0,0,0,0,0,0,0
passed,False,onnx,kitti,NANO,007159.png,2,1,0,0,2,0,2,0,0
passed,False,onnx,kitti,NANO,007160.png,8,8,4,0,0,0,0,0,0
passed,False,onnx,kitti,NANO,007161.png,5,2,1,0,4,0,4,0,0
passed,False,onnx,kitti,NANO,007162.png,8,1,1,0,0,0,0,0,0
passed,False,onnx,kitti,NANO,007163.png,8,4,3,0,0,0,0,0,0
passed,False,onnx,kitti,NANO,007164.png,3,2,1,0,0,0,0,0,0
passed,False,onnx,kitti,NANO,007165.png,5,2,2,0,0,0,0,0,0
passed,False,onnx,kitti,NANO,007166.png,9,8,5,0,0,0,0,0,0
passed,False,onnx,kitti,NANO,007167.png,4,2,2,0,0,0,0,0,0
passed,False,onnx,kitti,NANO,007168.png,4,1,1,0,1,0,0,0,1
passed,False,onnx,kitti,NANO,007169.png,8,5,3,0,0,0,0,0,0
passed,False,onnx,kitti,NANO,007170.png,4,0,0,0,0,0,0,0,0
passed,False,onnx,kitti,NANO,007171.png,8,11,6,0,0,0,0,0,0
passed,False,onnx,kitti,NANO,007172.png,3,1,1,0,0,0,0,0,0
passed,False,onnx,kitti,NANO,007173.png,2,0,0,0,0,0,0,0,0
passed,False,onnx,kitti,NANO,007174.png,8,5,3,0,0,0,0,0,0
passed,False,onnx,kitti,NANO,007175.png,1,0,0,0,0,0,0,0,0
passed,False,onnx,kitti,NANO,007176.png,3,2,1,0,0,0,0,0,0
passed,False,onnx,kitti,NANO,007177.png,8,4,4,0,2,0,0,0,2
passed,False,onnx,kitti,NANO,007178.png,8,5,2,0,1,0,1,0,0
passed,False,onnx,kitti,NANO,007179.png,4,8,4,4,4,4,4,0,0
passed,False,onnx,kitti,NANO,007180.png,4,2,1,0,0,0,0,0,0
passed,False,onnx,kitti,NANO,007181.png,2,1,1,0,0,0,0,0,0
passed,False,onnx,kitti,NANO,007182.png,11,7,5,0,3,0,3,0,0
passed,False,onnx,kitti,NANO,007183.png,7,4,4,0,0,0,0,0,0
passed,False,onnx,kitti,NANO,007184.png,3,2,2,0,0,0,0,0,0
passed,False,onnx,kitti,NANO,007185.png,10,7,5,0,1,0,1,0,0
passed,False,onnx,kitti,NANO,007186.png,1,0,0,0,0,0,0,0,0
passed,False,onnx,kitti,NANO,007187.png,1,0,0,0,0,0,0,0,0
passed,False,onnx,kitti,NANO,007188.png,1,1,1,1,1,1,1,0,0
passed,False,onnx,kitti,NANO,007189.png,5,1,0,0,5,0,5,0,0
passed,False,onnx,kitti,NANO,007190.png,2,2,1,0,0,0,0,0,0
passed,False,onnx,kitti,NANO,007191.png,3,1,1,0,0,0,0,0,0
passed,False,onnx,kitti,NANO,007192.png,9,8,4,0,3,0,3,0,0
passed,False,onnx,kitti,NANO,007193.png,4,6,3,0,0,0,0,0,0
passed,False,onnx,kitti,NANO,007194.png,4,2,2,0,0,0,0,0,0
passed,False,onnx,kitti,NANO,007195.png,10,6,5,0,0,0,0,0,0
passed,False,onnx,kitti,NANO,007196.png,7,4,3,0,0,0,0,0,0
passed,False,onnx,kitti,NANO,007197.png,2,0,0,0,0,0,0,0,0
passed,False,onnx,kitti,NANO,007198.png,3,3,2,0,0,0,0,0,0
passed,False,onnx,kitti,NANO,007199.png,2,1,1,1,2,1,1,0,1
passed,False,onnx,kitti,NANO,007200.png,10,12,6,0,0,0,0,0,0
passed,False,onnx,kitti,NANO,007201.png,9,1,0,0,4,0,4,0,0
passed,False,onnx,kitti,NANO,007202.png,13,8,2,2,13,2,12,0,1
passed,False,onnx,kitti,NANO,007203.png,10,5,3,0,4,0,4,0,0
passed,False,onnx,kitti,NANO,007204.png,7,4,3,0,0,0,0,0,0
passed,False,onnx,kitti,NANO,007205.png,3,2,1,0,0,0,0,0,0
passed,False,onnx,kitti,NANO,007206.png,6,2,1,0,1,0,0,0,1
passed,False,onnx,kitti,NANO,007207.png,3,0,0,0,1,0,0,0,1
passed,False,onnx,kitti,NANO,007208.png,10,5,3,0,0,0,0,0,0
passed,False,onnx,kitti,NANO,007209.png,13,5,5,0,0,0,0,0,0
passed,False,onnx,kitti,NANO,007210.png,9,9,7,0,0,0,0,0,0
passed,False,onnx,kitti,NANO,007211.png,4,3,3,0,0,0,0,0,0
passed,False,onnx,kitti,NANO,007212.png,1,0,0,0,0,0,0,0,0
passed,False,onnx,kitti,NANO,007213.png,3,4,3,0,0,0,0,0,0
passed,False,onnx,kitti,NANO,007214.png,4,3,3,0,0,0,0,0,0
passed,False,onnx,kitti,NANO,007215.png,2,1,0,0,0,0,0,0,0
passed,False,onnx,kitti,NANO,007216.png,6,4,4,0,0,0,0,0,0
passed,False,onnx,kitti,NANO,007217.png,3,2,2,0,0,0,0,0,0
passed,False,onnx,kitti,NANO,007218.png,5,1,1,0,0,0,0,0,0
passed,False,onnx,kitti,NANO,007219.png,4,1,1,0,0,0,0,0,0
passed,False,onnx,kitti,NANO,007220.png,1,1,1,0,0,0,0,0,0
passed,False,onnx,kitti,NANO,007221.png,4,2,2,0,1,0,0,0,1
passed,False,onnx,kitti,NANO,007222.png,5,5,2,0,0,0,0,0,0
passed,False,onnx,kitti,NANO,007223.png,1,2,1,1,1,1,1,0,0
passed,False,onnx,kitti,NANO,007224.png,3,3,2,0,0,0,0,0,0
passed,False,onnx,kitti,NANO,007225.png,6,5,4,0,0,0,0,0,0
passed,False,onnx,kitti,NANO,007226.png,4,3,0,0,0,0,0,0,0
passed,False,onnx,kitti,NANO,007227.png,2,0,0,0,0,0,0,0,0
passed,False,onnx,kitti,NANO,007228.png,13,5,4,0,0,0,0,0,0
passed,False,onnx,kitti,NANO,007229.png,4,1,1,0,1,0,0,0,1
passed,False,onnx,kitti,NANO,007230.png,5,5,3,0,0,0,0,0,0
passed,False,onnx,kitti,NANO,007231.png,1,1,1,1,1,1,1,0,0
passed,False,onnx,kitti,NANO,007232.png,5,7,3,0,1,0,0,0,1
passed,False,onnx,kitti,NANO,007233.png,11,6,6,0,0,0,0,0,0
passed,False,onnx,kitti,NANO,007234.png,4,3,2,0,0,0,0,0,0
passed,False,onnx,kitti,NANO,007235.png,4,1,1,0,0,0,0,0,0
passed,False,onnx,kitti,NANO,007236.png,6,3,2,0,0,0,0,0,0
passed,False,onnx,kitti,NANO,007237.png,1,1,1,1,1,1,1,0,0
passed,False,onnx,kitti,NANO,007238.png,3,0,0,0,0,0,0,0,0
passed,False,onnx,kitti,NANO,007239.png,4,1,1,0,0,0,0,0,0
passed,False,onnx,kitti,NANO,007240.png,5,2,1,0,1,0,0,0,1
passed,False,onnx,kitti,NANO,007241.png,4,3,3,0,0,0,0,0,0
passed,False,onnx,kitti,NANO,007242.png,7,3,2,0,0,0,0,0,0
passed,False,onnx,kitti,NANO,007243.png,13,7,4,0,0,0,0,0,0
passed,False,onnx,kitti,NANO,007244.png,4,1,1,0,0,0,0,0,0
passed,False,onnx,kitti,NANO,007245.png,2,0,0,0,0,0,0,0,0
passed,False,onnx,kitti,NANO,007246.png,4,4,2,0,0,0,0,0,0
passed,False,onnx,kitti,NANO,007247.png,4,2,1,0,0,0,0,0,0
passed,False,onnx,kitti,NANO,007248.png,13,13,6,0,0,0,0,0,0
passed,False,onnx,kitti,NANO,007249.png,6,6,2,0,0,0,0,0,0
passed,False,onnx,kitti,NANO,007250.png,5,2,1,0,0,0,0,0,0
passed,False,onnx,kitti,NANO,007251.png,1,0,0,0,0,0,0,0,0
passed,False,onnx,kitti,NANO,007252.png,3,0,0,0,0,0,0,0,0
passed,False,onnx,kitti,NANO,007253.png,1,1,1,1,1,1,1,0,0
passed,False,onnx,kitti,NANO,007254.png,3,0,0,0,3,0,3,0,0
passed,False,onnx,kitti,NANO,007255.png,5,0,0,0,3,0,2,0,1
passed,False,onnx,kitti,NANO,007256.png,12,7,6,0,0,0,0,0,0
passed,False,onnx,kitti,NANO,007257.png,1,0,0,0,0,0,0,0,0
passed,False,onnx,kitti,NANO,007258.png,3,2,0,0,0,0,0,0,0
passed,False,onnx,kitti,NANO,007259.png,7,8,3,0,0,0,0,0,0
passed,False,onnx,kitti,NANO,007260.png,10,5,3,0,3,0,3,0,0
passed,False,onnx,kitti,NANO,007261.png,4,2,2,0,0,0,0,0,0
passed,False,onnx,kitti,NANO,007262.png,2,0,0,0,0,0,0,0,0
passed,False,onnx,kitti,NANO,007263.png,15,8,5,0,0,0,0,0,0
passed,False,onnx,kitti,NANO,007264.png,6,4,2,0,1,0,0,0,1
passed,False,onnx,kitti,NANO,007265.png,7,3,1,1,6,1,6,0,0
passed,False,onnx,kitti,NANO,007266.png,7,4,3,0,0,0,0,0,0
passed,False,onnx,kitti,NANO,007267.png,4,3,2,0,0,0,0,0,0
passed,False,onnx,kitti,NANO,007268.png,2,2,1,0,0,0,0,0,0
passed,False,onnx,kitti,NANO,007269.png,1,1,1,1,1,1,1,0,0
passed,False,onnx,kitti,NANO,007270.png,2,1,1,0,0,0,0,0,0
passed,False,onnx,kitti,NANO,007271.png,2,3,2,0,0,0,0,0,0
passed,False,onnx,kitti,NANO,007272.png,1,2,1,1,1,1,1,0,0
passed,False,onnx,kitti,NANO,007273.png,9,5,3,0,0,0,0,0,0
passed,False,onnx,kitti,NANO,007274.png,3,1,0,0,0,0,0,0,0
passed,False,onnx,kitti,NANO,007275.png,1,1,1,0,0,0,0,0,0
passed,False,onnx,kitti,NANO,007276.png,2,0,0,0,0,0,0,0,0
passed,False,onnx,kitti,NANO,007277.png,8,6,4,0,2,0,0,0,2
passed,False,onnx,kitti,NANO,007278.png,1,1,1,1,1,1,1,0,0
passed,False,onnx,kitti,NANO,007279.png,2,1,1,0,0,0,0,0,0
passed,False,onnx,kitti,NANO,007280.png,6,8,0,0,3,0,0,0,3
passed,False,onnx,kitti,NANO,007281.png,5,1,1,0,0,0,0,0,0
passed,False,onnx,kitti,NANO,007282.png,1,1,1,0,0,0,0,0,0
passed,False,onnx,kitti,NANO,007283.png,8,8,4,0,0,0,0,0,0
passed,False,onnx,kitti,NANO,007284.png,5,1,1,0,1,0,0,0,1
passed,False,onnx,kitti,NANO,007285.png,2,1,1,0,1,0,0,0,1
passed,False,onnx,kitti,NANO,007286.png,9,1,0,0,7,0,6,0,1
passed,False,onnx,kitti,NANO,007287.png,2,0,0,0,0,0,0,0,0
passed,False,onnx,kitti,NANO,007288.png,1,0,0,0,1,0,1,0,0
passed,False,onnx,kitti,NANO,007289.png,14,0,0,0,1,0,1,0,0
passed,False,onnx,kitti,NANO,007290.png,6,3,3,3,5,3,5,0,0
passed,False,onnx,kitti,NANO,007291.png,4,4,3,0,0,0,0,0,0
passed,False,onnx,kitti,NANO,007292.png,3,1,1,0,0,0,0,0,0
passed,False,onnx,kitti,NANO,007293.png,1,1,1,0,0,0,0,0,0
passed,False,onnx,kitti,NANO,007294.png,7,4,4,0,1,0,0,0,1
passed,False,onnx,kitti,NANO,007295.png,2,1,1,0,0,0,0,0,0
passed,False,onnx,kitti,NANO,007296.png,5,3,2,0,0,0,0,0,0
passed,False,onnx,kitti,NANO,007297.png,3,2,2,0,0,0,0,0,0
passed,False,onnx,kitti,NANO,007298.png,2,1,1,0,0,0,0,0,0
passed,False,onnx,kitti,NANO,007299.png,6,6,5,0,0,0,0,0,0
passed,False,onnx,kitti,NANO,007300.png,1,0,0,0,1,0,1,0,0
passed,False,onnx,kitti,NANO,007301.png,13,9,5,0,3,0,1,0,2
passed,False,onnx,kitti,NANO,007302.png,3,0,0,0,0,0,0,0,0
passed,False,onnx,kitti,NANO,007303.png,3,3,1,0,0,0,0,0,0
passed,False,onnx,kitti,NANO,007304.png,1,0,0,0,0,0,0,0,0
passed,False,onnx,kitti,NANO,007305.png,2,3,1,0,0,0,0,0,0
passed,False,onnx,kitti,NANO,007306.png,4,3,3,0,0,0,0,0,0
passed,False,onnx,kitti,NANO,007307.png,1,1,0,0,0,0,0,0,0
passed,False,onnx,kitti,NANO,007308.png,1,1,0,0,1,0,1,0,0
passed,False,onnx,kitti,NANO,007309.png,9,7,7,0,0,0,0,0,0
passed,False,onnx,kitti,NANO,007310.png,1,0,0,0,1,0,1,0,0
passed,False,onnx,kitti,NANO,007311.png,4,4,3,0,0,0,0,0,0
passed,False,onnx,kitti,NANO,007312.png,3,5,3,0,0,0,0,0,0
passed,False,onnx,kitti,NANO,007313.png,15,5,4,0,0,0,0,0,0
passed,False,onnx,kitti,NANO,007314.png,13,4,4,0,0,0,0,0,0
passed,False,onnx,kitti,NANO,007315.png,14,8,5,0,1,0,0,0,1
passed,False,onnx,kitti,NANO,007316.png,6,4,2,0,0,0,0,0,0
passed,False,onnx,kitti,NANO,007317.png,4,1,1,0,0,0,0,0,0
passed,False,onnx,kitti,NANO,007318.png,7,3,1,1,7,1,4,0,3
passed,False,onnx,kitti,NANO,007319.png,7,5,3,3,6,3,6,0,0
passed,False,onnx,kitti,NANO,007320.png,1,0,0,0,1,0,1,0,0
passed,False,onnx,kitti,NANO,007321.png,3,3,2,1,2,1,2,0,0
passed,False,onnx,kitti,NANO,007322.png,1,1,1,0,0,0,0,0,0
passed,False,onnx,kitti,NANO,007323.png,8,5,4,0,0,0,0,0,0
passed,False,onnx,kitti,NANO,007324.png,5,1,1,0,3,0,0,0,3
passed,False,onnx,kitti,NANO,007325.png,10,11,8,0,0,0,0,0,0
passed,False,onnx,kitti,NANO,007326.png,3,1,1,0,1,0,0,0,1
passed,False,onnx,kitti,NANO,007327.png,1,2,1,1,1,1,1,0,0
passed,False,onnx,kitti,NANO,007328.png,3,3,2,0,0,0,0,0,0
passed,False,onnx,kitti,NANO,007329.png,7,7,3,0,0,0,0,0,0
passed,False,onnx,kitti,NANO,007330.png,6,5,3,0,0,0,0,0,0
passed,False,onnx,kitti,NANO,007331.png,2,0,0,0,1,0,1,0,0
passed,False,onnx,kitti,NANO,007332.png,1,1,1,0,0,0,0,0,0
passed,False,onnx,kitti,NANO,007333.png,7,5,4,4,7,4,7,0,0
passed,False,onnx,kitti,NANO,007334.png,5,0,0,0,1,0,1,0,0
passed,False,onnx,kitti,NANO,007335.png,2,0,0,0,0,0,0,0,0
passed,False,onnx,kitti,NANO,007336.png,3,1,1,0,0,0,0,0,0
passed,False,onnx,kitti,NANO,007337.png,7,2,2,0,0,0,0,0,0
passed,False,onnx,kitti,NANO,007338.png,2,0,0,0,2,0,1,0,1
passed,False,onnx,kitti,NANO,007339.png,8,6,6,0,0,0,0,0,0
passed,False,onnx,kitti,NANO,007340.png,2,0,0,0,0,0,0,0,0
passed,False,onnx,kitti,NANO,007341.png,7,3,3,0,0,0,0,0,0
passed,False,onnx,kitti,NANO,007342.png,9,8,7,0,0,0,0,0,0
passed,False,onnx,kitti,NANO,007343.png,3,5,3,0,0,0,0,0,0
passed,False,onnx,kitti,NANO,007344.png,1,0,0,0,1,0,1,0,0
passed,False,onnx,kitti,NANO,007345.png,2,0,0,0,0,0,0,0,0
passed,False,onnx,kitti,NANO,007346.png,5,3,1,0,0,0,0,0,0
passed,False,onnx,kitti,NANO,007347.png,5,0,0,0,3,0,2,0,1
passed,False,onnx,kitti,NANO,007348.png,1,0,0,0,0,0,0,0,0
passed,False,onnx,kitti,NANO,007349.png,6,4,3,0,1,0,0,0,1
passed,False,onnx,kitti,NANO,007350.png,10,8,8,0,0,0,0,0,0
passed,False,onnx,kitti,NANO,007351.png,1,1,1,1,1,1,1,0,0
passed,False,onnx,kitti,NANO,007352.png,3,1,1,0,0,0,0,0,0
passed,False,onnx,kitti,NANO,007353.png,8,4,3,0,0,0,0,0,0
passed,False,onnx,kitti,NANO,007354.png,1,2,1,0,0,0,0,0,0
passed,False,onnx,kitti,NANO,007355.png,7,4,2,0,1,0,1,0,0
passed,False,onnx,kitti,NANO,007356.png,5,1,0,0,0,0,0,0,0
passed,False,onnx,kitti,NANO,007357.png,5,1,1,0,0,0,0,0,0
passed,False,onnx,kitti,NANO,007358.png,3,1,1,0,0,0,0,0,0
passed,False,onnx,kitti,NANO,007359.png,4,2,2,0,1,0,0,0,1
passed,False,onnx,kitti,NANO,007360.png,9,2,2,0,0,0,0,0,0
passed,False,onnx,kitti,NANO,007361.png,4,0,0,0,0,0,0,0,0
passed,False,onnx,kitti,NANO,007362.png,2,2,2,1,1,1,1,0,0
passed,False,onnx,kitti,NANO,007363.png,5,0,0,0,1,0,0,0,1
passed,False,onnx,kitti,NANO,007364.png,8,5,4,0,0,0,0,0,0
passed,False,onnx,kitti,NANO,007365.png,7,7,2,0,0,0,0,0,0
passed,False,onnx,kitti,NANO,007366.png,8,3,2,0,1,0,0,0,1
passed,False,onnx,kitti,NANO,007367.png,1,0,0,0,0,0,0,0,0
passed,False,onnx,kitti,NANO,007368.png,2,4,2,2,2,2,2,0,0
passed,False,onnx,kitti,NANO,007369.png,6,1,1,1,1,1,1,0,0
passed,False,onnx,kitti,NANO,007370.png,2,2,1,0,0,0,0,0,0
passed,False,onnx,kitti,NANO,007371.png,3,4,2,0,0,0,0,0,0
passed,False,onnx,kitti,NANO,007372.png,1,2,1,1,1,1,1,0,0
passed,False,onnx,kitti,NANO,007373.png,1,0,0,0,0,0,0,0,0
passed,False,onnx,kitti,NANO,007374.png,3,3,2,0,1,0,0,0,1
passed,False,onnx,kitti,NANO,007375.png,6,1,1,1,1,1,1,0,0
passed,False,onnx,kitti,NANO,007376.png,5,2,1,0,0,0,0,0,0
passed,False,onnx,kitti,NANO,007377.png,4,2,2,0,1,0,0,0,1
passed,False,onnx,kitti,NANO,007378.png,3,3,2,0,0,0,0,0,0
passed,False,onnx,kitti,NANO,007379.png,5,3,2,0,0,0,0,0,0
passed,False,onnx,kitti,NANO,007380.png,3,3,3,0,0,0,0,0,0
passed,False,onnx,kitti,NANO,007381.png,2,1,1,0,0,0,0,0,0
passed,False,onnx,kitti,NANO,007382.png,5,3,1,0,0,0,0,0,0
passed,False,onnx,kitti,NANO,007383.png,7,6,3,0,0,0,0,0,0
passed,False,onnx,kitti,NANO,007384.png,4,6,4,0,0,0,0,0,0
passed,False,onnx,kitti,NANO,007385.png,4,0,0,0,1,0,1,0,0
passed,False,onnx,kitti,NANO,007386.png,9,4,4,0,0,0,0,0,0
passed,False,onnx,kitti,NANO,007387.png,1,3,1,1,1,1,1,0,0
passed,False,onnx,kitti,NANO,007388.png,12,6,4,0,0,0,0,0,0
passed,False,onnx,kitti,NANO,007389.png,3,0,0,0,0,0,0,0,0
passed,False,onnx,kitti,NANO,007390.png,2,0,0,0,0,0,0,0,0
passed,False,onnx,kitti,NANO,007391.png,3,1,1,0,0,0,0,0,0
passed,False,onnx,kitti,NANO,007392.png,7,4,1,0,0,0,0,0,0
passed,False,onnx,kitti,NANO,007393.png,14,12,9,0,1,0,1,0,0
passed,False,onnx,kitti,NANO,007394.png,14,10,7,0,0,0,0,0,0
passed,False,onnx,kitti,NANO,007395.png,3,2,2,0,1,0,1,0,0
passed,False,onnx,kitti,NANO,007396.png,7,4,2,0,0,0,0,0,0
passed,False,onnx,kitti,NANO,007397.png,3,0,0,0,0,0,0,0,0
passed,False,onnx,kitti,NANO,007398.png,6,3,3,0,1,0,0,0,1
passed,False,onnx,kitti,NANO,007399.png,1,1,1,0,0,0,0,0,0
passed,False,onnx,kitti,NANO,007400.png,11,7,3,0,0,0,0,0,0
passed,False,onnx,kitti,NANO,007401.png,8,6,3,0,0,0,0,0,0
passed,False,onnx,kitti,NANO,007402.png,9,5,4,0,0,0,0,0,0
passed,False,onnx,kitti,NANO,007403.png,6,8,5,0,0,0,0,0,0
passed,False,onnx,kitti,NANO,007404.png,12,6,3,0,0,0,0,0,0
passed,False,onnx,kitti,NANO,007405.png,3,1,1,0,0,0,0,0,0
passed,False,onnx,kitti,NANO,007406.png,7,1,1,0,4,0,4,0,0
passed,False,onnx,kitti,NANO,007407.png,6,2,2,0,2,0,0,0,2
passed,False,onnx,kitti,NANO,007408.png,1,2,1,1,1,1,1,0,0
passed,False,onnx,kitti,NANO,007409.png,1,1,0,0,0,0,0,0,0
passed,False,onnx,kitti,NANO,007410.png,6,3,2,1,4,1,2,0,2
passed,False,onnx,kitti,NANO,007411.png,5,7,5,0,0,0,0,0,0
passed,False,onnx,kitti,NANO,007412.png,8,6,2,2,8,2,7,0,1
passed,False,onnx,kitti,NANO,007413.png,2,1,1,0,0,0,0,0,0
passed,False,onnx,kitti,NANO,007414.png,12,7,6,0,2,0,1,0,1
passed,False,onnx,kitti,NANO,007415.png,4,1,1,0,0,0,0,0,0
passed,False,onnx,kitti,NANO,007416.png,2,1,1,0,1,0,0,0,1
passed,False,onnx,kitti,NANO,007417.png,1,1,1,0,0,0,0,0,0
passed,False,onnx,kitti,NANO,007418.png,1,0,0,0,0,0,0,0,0
passed,False,onnx,kitti,NANO,007419.png,3,3,2,0,0,0,0,0,0
passed,False,onnx,kitti,NANO,007420.png,16,8,1,1,15,1,15,0,0
passed,False,onnx,kitti,NANO,007421.png,12,8,7,0,0,0,0,0,0
passed,False,onnx,kitti,NANO,007422.png,10,6,6,0,0,0,0,0,0
passed,False,onnx,kitti,NANO,007423.png,5,3,2,0,0,0,0,0,0
passed,False,onnx,kitti,NANO,007424.png,11,11,8,0,0,0,0,0,0
passed,False,onnx,kitti,NANO,007425.png,2,0,0,0,0,0,0,0,0
passed,False,onnx,kitti,NANO,007426.png,4,2,1,0,0,0,0,0,0
passed,False,onnx,kitti,NANO,007427.png,1,1,1,1,1,1,1,0,0
passed,False,onnx,kitti,NANO,007428.png,5,1,0,0,0,0,0,0,0
passed,False,onnx,kitti,NANO,007429.png,6,1,1,0,0,0,0,0,0
passed,False,onnx,kitti,NANO,007430.png,9,6,6,0,0,0,0,0,0
passed,False,onnx,kitti,NANO,007431.png,1,1,1,1,1,1,1,0,0
passed,False,onnx,kitti,NANO,007432.png,1,1,0,0,0,0,0,0,0
passed,False,onnx,kitti,NANO,007433.png,6,1,1,0,0,0,0,0,0
passed,False,onnx,kitti,NANO,007434.png,3,3,2,0,1,0,0,0,1
passed,False,onnx,kitti,NANO,007435.png,7,7,5,0,0,0,0,0,0
passed,False,onnx,kitti,NANO,007436.png,1,1,1,1,1,1,1,0,0
passed,False,onnx,kitti,NANO,007437.png,5,3,3,0,0,0,0,0,0
passed,False,onnx,kitti,NANO,007438.png,1,1,1,0,0,0,0,0,0
passed,False,onnx,kitti,NANO,007439.png,2,0,0,0,0,0,0,0,0
passed,False,onnx,kitti,NANO,007440.png,9,3,2,0,0,0,0,0,0
passed,False,onnx,kitti,NANO,007441.png,1,1,1,0,0,0,0,0,0
passed,False,onnx,kitti,NANO,007442.png,7,7,4,0,0,0,0,0,0
passed,False,onnx,kitti,NANO,007443.png,3,1,1,0,0,0,0,0,0
passed,False,onnx,kitti,NANO,007444.png,4,3,2,0,0,0,0,0,0
passed,False,onnx,kitti,NANO,007445.png,7,5,4,0,0,0,0,0,0
passed,False,onnx,kitti,NANO,007446.png,2,1,1,0,1,0,1,0,0
passed,False,onnx,kitti,NANO,007447.png,4,3,3,0,1,0,1,0,0
passed,False,onnx,kitti,NANO,007448.png,1,1,1,1,1,1,1,0,0
passed,False,onnx,kitti,NANO,007449.png,3,2,1,0,0,0,0,0,0
passed,False,onnx,kitti,NANO,007450.png,1,0,0,0,0,0,0,0,0
passed,False,onnx,kitti,NANO,007451.png,9,5,3,0,3,0,3,0,0
passed,False,onnx,kitti,NANO,007452.png,5,4,3,1,2,1,2,0,0
passed,False,onnx,kitti,NANO,007453.png,4,2,2,0,0,0,0,0,0
passed,False,onnx,kitti,NANO,007454.png,6,4,4,0,0,0,0,0,0
passed,False,onnx,kitti,NANO,007455.png,1,1,1,0,0,0,0,0,0
passed,False,onnx,kitti,NANO,007456.png,5,0,0,0,0,0,0,0,0
passed,False,onnx,kitti,NANO,007457.png,3,1,0,0,0,0,0,0,0
passed,False,onnx,kitti,NANO,007458.png,20,13,6,0,1,0,0,0,1
passed,False,onnx,kitti,NANO,007459.png,5,4,2,0,0,0,0,0,0
passed,False,onnx,kitti,NANO,007460.png,1,1,1,0,0,0,0,0,0
passed,False,onnx,kitti,NANO,007461.png,1,1,1,0,0,0,0,0,0
passed,False,onnx,kitti,NANO,007462.png,9,8,6,0,0,0,0,0,0
passed,False,onnx,kitti,NANO,007463.png,7,6,3,0,1,0,0,0,1
passed,False,onnx,kitti,NANO,007464.png,5,3,1,0,4,0,4,0,0
passed,False,onnx,kitti,NANO,007465.png,8,6,5,0,1,0,0,0,1
passed,False,onnx,kitti,NANO,007466.png,4,0,0,0,0,0,0,0,0
passed,False,onnx,kitti,NANO,007467.png,3,2,2,0,0,0,0,0,0
passed,False,onnx,kitti,NANO,007468.png,4,3,1,0,0,0,0,0,0
passed,False,onnx,kitti,NANO,007469.png,6,6,1,1,4,1,2,0,2
passed,False,onnx,kitti,NANO,007470.png,9,6,6,0,0,0,0,0,0
passed,False,onnx,kitti,NANO,007471.png,1,0,0,0,0,0,0,0,0
passed,False,onnx,kitti,NANO,007472.png,1,1,0,0,0,0,0,0,0
passed,False,onnx,kitti,NANO,007473.png,3,2,2,0,1,0,0,0,1
passed,False,onnx,kitti,NANO,007474.png,7,4,3,0,0,0,0,0,0
passed,False,onnx,kitti,NANO,007475.png,7,4,3,0,0,0,0,0,0
passed,False,onnx,kitti,NANO,007476.png,5,3,3,0,1,0,0,0,1
passed,False,onnx,kitti,NANO,007477.png,1,0,0,0,1,0,1,0,0
passed,False,onnx,kitti,NANO,007478.png,4,1,0,0,0,0,0,0,0
passed,False,onnx,kitti,NANO,007479.png,7,2,2,0,0,0,0,0,0
passed,False,onnx,kitti,NANO,007480.png,15,9,8,0,1,0,0,0,1
